Genes,Naive,Early Extra-GC,Late Extra-GC,GC
FOS,3.3322045101752042,2.5112239581053744,3.6506582412937414,9.210340371976182
KLF6,9.210340371976182,5.730099782973588,9.210340371976182,5.730099782973588
ELF1,5.730099782973588,9.210340371976182,5.036952602413644,5.036952602413644
SP2,4.120661870539476,3.427514689979531,5.730099782973588,3.6506582412937414
SP1,5.036952602413644,4.6314874943054685,4.34380542185369,3.9383403137455235
NFYA,2.5946055670444257,5.036952602413644,3.0220495818713644,2.3978952727983707
JUN,4.6314874943054685,3.9383403137455235,2.7856608038071355,4.6314874943054685
ZFX,2.4720032449520923,1.6870485151390247,4.6314874943054685,2.957511060733794
VEZF1,4.34380542185369,3.532875205637356,3.532875205637356,2.639057329615259
SP3,3.6506582412937414,2.552045952625629,3.427514689979531,4.34380542185369
NRF1,2.3978952727983707,4.34380542185369,1.968899667280012,2.203739258357414
SP4,3.7841896339182624,3.1651504255120377,4.120661870539476,3.1651504255120377
KLF12,3.9383403137455235,3.7841896339182624,3.1651504255120377,3.532875205637356
CTCF,2.7856608038071355,3.6506582412937414,2.8397280250774104,3.7841896339182624
EGR1,3.532875205637356,2.89688643891736,2.685577345250153,2.264363880173848
ETS1,3.0220495818713644,3.3322045101752042,2.734367509419584,3.427514689979531
ELK4,3.427514689979531,2.4342629169692462,2.4342629169692462,3.0220495818713644
JUNB,2.552045952625629,1.8799521812635158,2.4720032449520923,3.3322045101752042
EGR2,2.734367509419584,2.2961125784884286,3.3322045101752042,3.091042453358317
KLF10,3.091042453358317,3.245193133185576,2.066538136843928,2.5112239581053744
NFYC,2.685577345250153,2.734367509419584,3.091042453358317,2.685577345250153
NFYB,1.6870485151390247,3.0220495818713644,2.639057329615259,1.8588987720656838
KLF2,2.957511060733794,1.7047480922384253,0.9679258481758185,0.2578291093020998
ATF3,2.11918187032935,2.957511060733794,1.6192259188002633,2.0925136232471893
KLF9,2.8397280250774104,1.4534336639575194,2.5946055670444257,1.2757524867200667
STAT3,1.9924301646902065,1.3233805357093213,1.4396403418251833,2.7856608038071355
SREBF2,1.7047480922384253,2.7856608038071355,2.264363880173848,1.9014583864844798
YY1,1.412611669437264,2.5946055670444257,2.552045952625629,1.8382794848629478
ZBTB17,1.6357552207514738,1.7982741502492492,1.3233805357093213,2.5946055670444257
TCF12,1.8180767775454285,2.3978952727983707,1.8799521812635158,2.552045952625629
TCF7,1.722766597741104,1.3862943611198906,2.3978952727983707,2.0165277162692665
ZBTB33,2.3628039529871008,2.3628039529871008,1.2192402764567245,1.722766597741104
BCL6,1.2641916643189908,0.537142932083364,1.9924301646902065,2.328902401311419
KLF3,2.328902401311419,1.0387519007444308,1.2414634132414346,1.287448526483258
FLI1,2.2961125784884286,2.11918187032935,2.0165277162692665,1.426034689769405
E2F4,0.31399938076915423,2.0165277162692665,2.2961125784884286,2.146580844517465
MZF1,1.759807869421453,2.264363880173848,1.3112591751769764,1.467419905932259
PBX3,1.9234372932032546,0.5316027517077487,2.2335922215070947,1.9234372932032546
GABPA,2.2335922215070947,0.8549024597724229,1.114979266132315,2.174751721484161
DNMT1,2.203739258357414,2.174751721484161,1.759807869421453,1.6029653979284828
YBX1,1.8799521812635158,2.203739258357414,1.7788560643921472,1.7047480922384253
KLF13,1.1451323043030026,1.047968555849355,2.203739258357414,0.9260787382403178
ELF4,1.2083112059245342,1.7411157364093002,2.174751721484161,1.360651930506553
ATF6B,2.174751721484161,1.586965056582042,2.0412203288596387,1.968899667280012
ELK3,1.7788560643921472,1.9014583864844798,2.146580844517465,1.7411157364093002
CREM,2.146580844517465,2.146580844517465,1.5254071635826085,1.586965056582042
GTF2I,1.2302901126433095,0.600201068050501,2.11918187032935,0.8549024597724229
IRF3,1.2992829841302609,1.085708883832202,1.0953707947439388,2.11918187032935
CREB1,1.6029653979284828,2.0925136232471893,1.5105920777974682,1.6525623390678552
IKZF1,2.0925136232471893,1.2992829841302609,1.3480731482996928,1.4959932783763152
ELK1,2.0165277162692665,1.3480731482996928,2.0925136232471893,1.8180767775454285
SATB1,1.968899667280012,1.1762228913730337,1.4959932783763152,2.066538136843928
AHR,0.14285112457332488,2.0412203288596387,0.6121059705568193,0.537142932083364
ATF4,2.0412203288596387,1.5712166996139025,0.993901334579079,1.5404450409471493
REST,1.5105920777974682,1.9924301646902065,1.426034689769405,1.6870485151390247
MAZ,1.426034689769405,1.722766597741104,1.0666606888615076,1.9459101490553137
HIF1A,1.252762968495368,1.9459101490553137,1.5404450409471493,1.1762228913730337
ELF2,1.9459101490553137,1.5254071635826085,1.3862943611198906,1.3993664426872436
MAF,0.3456047201844855,0.7328875092094594,1.360651930506553,1.8799521812635158
RFX5,0.6931471805599453,1.5557125130779375,1.8382794848629478,0.9426080401915286
ETV6,0.7956258498428826,1.2414634132414346,1.8180767775454285,1.1249295969854831
LEF1,1.7982741502492492,1.5105920777974682,1.1657515915057381,0.97650959186721
ZEB1,1.2192402764567245,1.1451323043030026,0.4726044109457929,1.7982741502492492
KLF7,1.6192259188002633,1.759807869421453,1.2641916643189908,1.0666606888615076
KLF4,1.5254071635826085,1.4396403418251833,1.722766597741104,1.759807869421453
ZSCAN22,1.7411157364093002,0.8780695190539572,1.4534336639575194,0.3364722366212129
NFATC1,1.0572709485116683,0.9260787382403178,1.6870485151390247,1.6192259188002633
THAP11,1.6696567724271552,0.9679258481758185,1.1868050007035706,1.0296194171811583
PAX5,0.8938178760220964,1.6525623390678552,1.2083112059245342,0.12062798778861475
HMGA1,1.3733909562839828,0.9509762898620453,1.2757524867200667,1.6357552207514738
ZSCAN30,1.287448526483258,1.6357552207514738,0.636349582166812,1.4396403418251833
TGIF1,0.4571002244098277,1.6192259188002633,0.33193708145582157,0.49365782014362525
PRDM1,0.8397506547518206,0.6738539776252664,1.6029653979284828,0.9098182173685375
SPIB,0.9017860456712734,1.360651930506553,1.586965056582042,0.29637777941933474
SETDB1,1.586965056582042,1.2757524867200667,1.5712166996139025,1.1975002898203186
FOSB,1.3993664426872436,1.5404450409471493,1.1762228913730337,1.5712166996139025
TFDP1,1.5404450409471493,0.2833624113072645,0.9509762898620453,1.2083112059245342
NR4A2,0.9594151585079098,0.46224162391024626,0.8780695190539572,1.5105920777974682
ZBTB6,1.0116009116784799,1.4959932783763152,0.38776553100876343,0.18492233849401193
MAX,1.4816045409242158,1.0205695816612406,1.0296194171811583,0.8472978603872038
IRF1,1.1249295969854831,1.1249295969854831,1.2992829841302609,1.4816045409242158
EGR3,1.3480731482996928,1.4816045409242158,0.5539500503997453,0.699661861581139
NFE2L2,0.5710444837590454,1.467419905932259,0.4267948749144987,0.7813398925954061
BCL11A,1.4534336639575194,1.0572709485116683,0.6486954179891115,0.39738098970820546
BATF,1.002711964261234,0.8859126965149833,0.6425034477411904,1.412611669437264
SMAD4,0.6302333551493761,1.412611669437264,0.2411620568168881,0.37351350830156205
RUNX3,0.23293155768037255,1.3993664426872436,0.5043531092603731,0.10608227678623597
RUNX1,0.7602864833975739,1.114979266132315,1.3993664426872436,0.753366040553
RELA,0.8549024597724229,0.6486954179891115,0.699661861581139,1.3862943611198906
REL,1.2757524867200667,0.993901334579079,0.8549024597724229,1.3733909562839828
CREB3,1.0205695816612406,0.35020242943311486,1.0205695816612406,1.3480731482996928
CUX1,1.047968555849355,0.7194644888773187,1.3356506283011356,0.31399938076915423
STAT2,0.4989911661189879,0.237038339633026,0.97650959186721,1.3233805357093213
RBPJ,1.3112591751769764,0.24946085963158313,1.1349799328389847,1.1451323043030026
TFCP2,0.48307571081308825,0.7813398925954061,0.7194644888773187,1.2992829841302609
MEF2C,0.2006706954621511,0.5097439578952496,1.287448526483258,0.22071144634559725
NFKB1,1.2414634132414346,0.3594617548459117,0.8322599830226632,1.2641916643189908
FOXJ3,0.9679258481758185,1.2641916643189908,1.252762968495368,1.1868050007035706
SREBF1,0.3925617032722565,1.252762968495368,0.537142932083364,0.5884362264709145
JUND,1.1657515915057381,1.2302901126433095,0.824825004535145,0.9594151585079098
BHLHE40,0.7742727253723137,0.824825004535145,1.2302901126433095,0.6241543090729939
ATF2,0.8101188571454495,0.4989911661189879,0.5768081884757955,1.2302901126433095
RFX3,0.9260787382403178,1.2192402764567245,0.4218320855723696,0.7328875092094594
NR3C1,0.746493161265238,0.8702873786119025,0.6611955807533428,1.2192402764567245
ATF1,1.1868050007035706,1.1975002898203186,0.7128199461586501,0.9179154276011571
STAT6,1.1051269696893036,0.8938178760220964,1.1975002898203186,1.114979266132315
ATF6,1.1762228913730337,1.1657515915057381,1.002711964261234,1.0761394328160512
MEF2D,0.8322599830226632,0.97650959186721,0.8397506547518206,1.1657515915057381
IKZF3,0.7672551527136671,1.1553888044701917,0.9098182173685375,0.9679258481758185
ZFP64,1.1553888044701917,0.9017860456712734,0.3456047201844855,0.4022236141839935
STAT1,1.0953707947439388,0.19276551595503788,0.8625653325179923,1.1553888044701917
NFATC2,0.48835276791393206,0.7672551527136671,1.1451323043030026,0.8859126965149833
IRF2,0.35020242943311486,1.0953707947439388,0.8859126965149833,0.8780695190539572
TFE3,0.5943013459233126,1.0761394328160512,0.39738098970820546,0.22884157242884753
FOXO1,1.0761394328160512,0.9426080401915286,0.9017860456712734,0.7128199461586501
BACH1,0.1732717212740367,1.0666606888615076,0.6675047499466076,1.002711964261234
MLX,1.0666606888615076,0.6121059705568193,0.8938178760220964,0.7672551527136671
IRF8,0.49365782014362525,0.7742727253723137,0.746493161265238,1.0572709485116683
NR2C2,0.6121059705568193,0.7396671961948381,1.047968555849355,0.6061358035703156
ARID5B,0.2411620568168881,0.4571002244098277,1.0387519007444308,0.6738539776252664
TGIF2,0.30075415401913363,1.0296194171811583,0.37351350830156205,0.2705142688294155
USF1,1.0296194171811583,0.6425034477411904,0.6738539776252664,0.6931471805599453
IRF7,0.41197978912935806,0.17714019805195705,0.600201068050501,1.0205695816612406
FOXJ2,0.18492233849401193,0.01967276559870478,1.0116009116784799,0.2876820724517809
IRF4,0.5151640253645888,0.5884362264709145,0.9426080401915286,0.993901334579079
SRF,0.9851676546103245,0.6931471805599453,0.32742240110129506,0.5596157879354227
MTF2,0.46740959406868887,0.5943013459233126,0.4022236141839935,0.9851676546103245
IRF9,0.21667103680859223,0.08112554481236846,0.40708980383516624,0.9509762898620453
ETV1,0.18102369807835472,0.029656209582887966,0.9343092373768336,0.1316778239751997
NR4A1,0.9179154276011571,0.5260930958967791,0.7956258498428826,0.7261534770281153
ZBED6,0.3410280531570737,0.1694181519580468,0.9179154276011571,0.33193708145582157
MYC,0.9098182173685375,0.2536362310420638,0.6931471805599453,0.7396671961948381
HSF1,0.7396671961948381,0.8101188571454495,0.48835276791393206,0.9017860456712734
GTF3A,0.8859126965149833,0.753366040553,0.3594617548459117,0.8625653325179923
KLF16,0.8702873786119025,0.46740959406868887,0.22071144634559725,0.1888362378151483
PURA,0.8625653325179923,0.1732717212740367,0.6802437757240375,0.41197978912935806
SIX5,0.06367309486114218,0.06367309486114218,0.8472978603872038,0.056776515802082
TCF3,0.8174448972375226,0.8472978603872038,0.4367949582490821,0.8101188571454495
ZBTB7A,0.7813398925954061,0.8322599830226632,0.15415067982725836,0.6486954179891115
MAFF,0.5043531092603731,0.5596157879354227,0.8174448972375226,0.5483162326814892
SMAD3,0.2920204740503791,0.30514976549217177,0.706219262127298,0.8174448972375226
E2F6,0.15415067982725836,0.09531017980432477,0.8101188571454495,0.6302333551493761
FOXO3,0.80284609781637,0.6802437757240375,0.5710444837590454,0.7956258498428826
MBD2,0.4367949582490821,0.7956258498428826,0.3829922522561059,0.46224162391024626
MEF2A,0.36880761726414935,0.31399938076915423,0.20863886511132806,0.7884573603642703
HINFP,0.1694181519580468,0.7884573603642703,0.3364722366212129,0.1655793756508811
GATA3,0.24946085963158313,0.6611955807533428,0.7813398925954061,0.6866746660543278
HIVEP2,0.4519851237430572,0.1888362378151483,0.7602864833975739,0.5151640253645888
ZIC1,0.09174511363982858,0.7602864833975739,0.036367644170874715,0.033006296468169966
FOXK1,0.5596157879354227,0.746493161265238,0.18492233849401193,0.4367949582490821
BPTF,0.5097439578952496,0.37351350830156205,0.7328875092094594,0.08112554481236846
KLF15,0.706219262127298,0.7261534770281153,0.5884362264709145,0.5097439578952496
FOXN3,0.7261534770281153,0.3410280531570737,0.37824164949750805,0.4468960542355859
POU2F1,0.1888362378151483,0.4418327522790392,0.7261534770281153,0.4726044109457929
CEBPZ,0.7194644888773187,0.6241543090729939,0.29637777941933474,0.4519851237430572
KLF1,0.7128199461586501,0.699661861581139,0.6061358035703156,0.48835276791393206
ATF7,0.699661861581139,0.4519851237430572,0.36880761726414935,0.5043531092603731
MTF1,0.6061358035703156,0.6866746660543278,0.46224162391024626,0.5768081884757955
ETV2,0.08112554481236846,0.3925617032722565,0.09888800115220867,0.6675047499466076
NFAT5,0.6181119946170311,0.36880761726414935,0.6181119946170311,0.6611955807533428
TFAP2A,0.37824164949750805,0.6549259677397476,0.279061329407874,0.36880761726414935
TP53,0.4317824164255378,0.13538840337173538,0.6549259677397476,0.3641237679517231
ZFP14,0.6486954179891115,0.4468960542355859,0.41197978912935806,0.3925617032722565
PATZ1,0.600201068050501,0.10247866928293738,0.6302333551493761,0.5427139771328193
ZBTB37,0.4726044109457929,0.6302333551493761,0.4468960542355859,0.2536362310420638
TFDP2,0.6241543090729939,0.39738098970820546,0.5206136301321536,0.5206136301321536
GTF2B,0.279061329407874,0.6181119946170311,0.18102369807835472,0.3229280115134557
EGR4,0.1316778239751997,0.5826053061601215,0.12798096209387352,0.10247866928293738
SALL2,0.4218320855723696,0.1096989172564245,0.1316778239751997,0.5826053061601215
WT1,0.5826053061601215,0.41197978912935806,0.4989911661189879,0.4571002244098277
PAX6,0.5768081884757955,0.4168938039317872,0.5427139771328193,0.04312442663375468
PRDM9,0.2876820724517809,0.5768081884757955,0.2705142688294155,0.22476824704121168
TFAP2C,0.29637777941933474,0.5710444837590454,0.2536362310420638,0.3184537311185346
E2F1,0.17714019805195705,0.12062798778861475,0.5596157879354227,0.11332868530700313
PBX2,0.5539500503997453,0.5427139771328193,0.22476824704121168,0.17714019805195705
RBAK,0.5483162326814892,0.1466034741918754,0.15036995698735228,0.01967276559870478
TCF4,0.5316027517077487,0.5151640253645888,0.4519851237430572,0.09888800115220867
KLF5,0.5206136301321536,0.3229280115134557,0.3095647837012886,0.3456047201844855
E2F3,0.3641237679517231,0.3548213752894095,0.3229280115134557,0.4989911661189879
ZSCAN10,0.15036995698735228,0.49365782014362525,0.08465288533033691,0.06713930283762856
TFAP4,0.4267948749144987,0.006514681021193642,0.04652001563489281,0.48307571081308825
KLF14,0.47782635492694464,0.2006706954621511,0.4168938039317872,0.32742240110129506
CTCFL,0.22476824704121168,0.0032520353863772318,0.47782635492694464,0.20863886511132806
ARNT,0.22884157242884753,0.22071144634559725,0.46740959406868887,0.19671029424605427
XPA,0.46224162391024626,0.20464684384179055,0.1888362378151483,0.26203964183844336
RARA,0.3364722366212129,0.19671029424605427,0.4571002244098277,0.09174511363982858
THAP1,0.37351350830156205,0.4367949582490821,0.4317824164255378,0.009788006366162708
ZFP42,0.26203964183844336,0.4317824164255378,0.26203964183844336,0.2126468865088669
NANOG,0.13911280246271784,0.4218320855723696,0.033006296468169966,0.1466034741918754
CEBPG,0.3548213752894095,0.3184537311185346,0.006514681021193642,0.4168938039317872
KMT2A,0.4022236141839935,0.0706175672139534,0.1096989172564245,0.24946085963158313
TFEB,0.39738098970820546,0.18102369807835472,0.21667103680859223,0.006514681021193642
XBP1,0.19276551595503788,0.15794575079580989,0.3925617032722565,0.35020242943311486
STAT4,0.38776553100876343,0.2920204740503791,0.22884157242884753,0.1732717212740367
ZFP3,0.006514681021193642,0.37824164949750805,0.15794575079580989,0.06367309486114218
MBNL2,0.3594617548459117,0.09888800115220867,0.2126468865088669,0.022989518224698833
HBP1,0.15794575079580989,0.21667103680859223,0.016366977464205474,0.3548213752894095
MXD1,0.0706175672139534,0.060218859993054714,0.3548213752894095,0.2006706954621511
ELF5,0.13538840337173538,0.3456047201844855,0.06713930283762856,0.12798096209387352
ARNTL,0.33193708145582157,0.03974032864951411,0.1655793756508811,0.23293155768037255
ZBTB18,0.32742240110129506,0.09174511363982858,0.12429771667757719,0.016366977464205474
NFATC3,0.3229280115134557,0.1655793756508811,0.17714019805195705,0.08819271203546085
ARID5A,0.3184537311185346,0.15415067982725836,0.08819271203546085,0.30075415401913363
FOXP1,0.2536362310420638,0.26203964183844336,0.09174511363982858,0.30514976549217177
ERG,0.24530284948291953,0.11697167658550423,0.30514976549217177,0.279061329407874
PRDM16,0.2833624113072645,0.016366977464205474,0.09531017980432477,0.16175527921247762
RORA,0.1096989172564245,0.23293155768037255,0.056776515802082,0.20464684384179055
LHX8,0.2126468865088669,0.12798096209387352,0.1694181519580468,0.15036995698735228
ETV5,0.1655793756508811,0.026317308317373417,0.2006706954621511,0.15415067982725836
TFAP2B,0.1466034741918754,0.14285112457332488,0.04312442663375468,0.1694181519580468
CXXC1,0.04652001563489281,0.07410797215372183,0.013072081567352775,0.15794575079580989
FOXO4,0.029656209582887966,0.022989518224698833,0.12062798778861475,0.060218859993054714
NFE4,0.08819271203546085,0.04992717395650727,0.022989518224698833,0.04992717395650727
ZFP57,0.08465288533033691,0.06713930283762856,0.03974032864951411,0.07761060270492406
SOX17,0.053345980705292735,0.056776515802082,0.01967276559870478,0.07410797215372183
ZFP82,2.3158303197440673,0.5871289864831482,3.3191324286078534,2.4981518765380217
SOX4,2.976187677481022,1.1320602227356498,0.6865897800137862,2.0794415416798357
POU2F2,1.1952391243571814,0.7097313085754806,2.6259852480479067,2.267040155574635
NR2F6,2.5600272802561093,0.5020919437972361,0.9852248644847644,1.0211031521496663
FOSL2,2.2830404969210756,1.286210902562908,1.1526795099383855,0.14107859825990549
RREB1,1.412962608202052,1.8993153754493173,0.29870754246348863,1.36031887471663
HSF2,1.8883863049171266,1.322578546733783,0.5075415485648007,1.322578546733783
GFI1,0.1816638783749838,1.8883863049171266,0.946343076940557,0.6703819697869329
TBP,1.3164246811594045,0.5324391001865278,1.856297990365626,1.4062285760207078
STAT5B,1.825207403295595,1.6652427536029173,1.6143843363694261,1.6310513888546376
POU2AF1,0.8927219855014594,1.082298713176586,1.6394902575005026,1.7852020686818961
FOXM1,1.1371753234024202,0.608056506589104,1.7467357878541003,1.3995395878699115
MEOX1,0.41621345465959786,1.700644680653833,0.789774016249017,0.08402540881106792
MEF2B,1.6827870632538267,0.4137227933471459,0.37708866016736564,0.40628781485962795
LIN54,1.262680405152714,0.6202147110689137,1.6827870632538267,1.0074975000938875
HMG20A,1.373222279552538,1.4062285760207078,1.6739764335716716,1.2061681948893717
FOSL1,1.6565846908598023,0.41871033485818493,0.4338239726682332,0.4338239726682332
CEBPA,0.28987746301521666,0.925377948475512,0.25744218726206275,1.6226831391841214
NFE2L1,0.8456544746434735,0.1505934179012441,1.59799052659375,0.8154635023643281
SMAD1,1.228391331674082,0.45693154767838273,1.1118575154181305,1.5659877955075758
MXI1,1.550362477604495,0.07512063046810817,0.008257685238981688,0.6141171312007951
RORC,0.4912810276930205,1.3412706797459357,1.5349775587650156,0.4363652700969057
ZBTB43,0.4752806863465793,1.5049001035277376,0.026668247082161294,0.5637361069084428
ESRRA,0.26170658604852026,1.4901939561380424,0.925377948475512,1.3103084541419687
HMG20B,1.4829211968089624,1.2061681948893717,1.3287705169817043,0.9548537666084655
SMAD5,0.25957211351988757,1.4334411395455928,0.9985288301111271,1.4403615823901668
DBP,1.322578546733783,0.17969343438768515,1.4334411395455928,0.7437481938537348
IKZF2,1.0871649028277588,0.22808997524953534,1.286210902562908,1.4265682602578307
TCF7L2,0.36754204828378556,0.6325225587435105,1.4265682602578307,0.3964597259233652
ETS2,1.4265682602578307,1.1579014539195374,0.2553167879497492,0.8847219428343831
ZKSCAN1,0.9007865453381898,1.419742295187431,0.7753852787969174,0.989639882693881
POU3F1,0.5185306701403959,0.5157720477013162,0.46737550683946594,1.419742295187431
CIC,0.5324391001865278,1.1168700572416748,1.412962608202052,0.6325225587435105
FOXB1,0.09481688044383235,0.03005234506640194,1.4062285760207078,0.6050399130496785
NR1D1,1.4062285760207078,0.8342257788198508,1.1474846930612816,0.9295359586241758
RARG,0.02835886456006894,0.19356878088130222,1.3928950451512427,0.02498048296844159
MGA,1.36031887471663,1.1474846930612816,0.8887139641039208,1.1320602227356498
ZSCAN16,1.0583167484901006,1.2006887291247461,1.3412706797459357,0.7402939589856472
ARID3B,1.3350010667323402,0.9548537666084655,0.3371303478657622,0.019934214900817253
PPARA,1.3287705169817043,1.2340251493923378,0.8533468202666293,0.5753641449035618
POU5F1,1.0030031105060482,1.3287705169817043,0.5048130339115968,0.9940744797617469
STAT5A,1.1898190568878422,1.2921810695494118,1.0348964742820022,1.0678406300013559
MAFG,0.09662683568907177,0.9171134386256186,0.7198154276421066,1.2802761670430933
MYNN,1.2743764449159054,1.1790662651115804,1.1269711532281788,1.1737329191362178
NKX3-1,1.2685113254635072,0.30538164955118186,0.3394371539636771,0.3143503195339422
VDR,0.0032948958968524265,1.256883287468388,0.761200643804961,0.6544326683792548
FOXP3,0.8266785731844679,1.2511195827516381,1.222789076125412,0.39401772226781356
ZFP90,0.8380208497884025,0.8043728156701697,1.2061681948893717,0.5437068250328703
PLAG1,1.2006887291247461,0.12604072089536505,0.5900919516138052,1.0441988669443156
ZBTB2,1.106869973907091,0.09301019521888317,1.2006887291247461,1.0256798191770782
RELB,0.9548537666084655,0.008257685238981688,0.9591364284004664,1.1898190568878422
EBF1,1.1526795099383855,0.2363887780642304,1.0583167484901006,1.0302775284257075
IKZF5,0.5075415485648007,0.7576857016975165,0.6481234991859902,1.1118575154181305
FOXD2,0.3121005997999267,0.39401772226781356,0.37948962170490375,1.106869973907091
NFIC,0.2746099908844282,1.0535886072941547,0.5102775283836756,0.7300022729490997
FOXC1,1.0535886072941547,0.989639882693881,0.8927219855014594,0.9048433460338043
MECP2,1.0488827162567418,0.8304450559799449,0.7541830711463146,0.946343076940557
NR4A3,0.896746135801185,0.8689113368077409,1.0488827162567418,0.657602243140534
RUNX2,0.23847428455525183,0.2659892478405211,1.0441988669443156,0.2239662580656733
ZFP69,1.0348964742820022,0.0317486983145803,0.01825776857356499,0.3463896732785589
ARID3A,0.8649974374866047,0.9985288301111271,0.41621345465959786,0.9130066566729652
CDC5L,0.9940744797617469,0.8649974374866047,0.7682678110280534,0.6736025844869752
HIVEP1,0.8154635023643281,0.07689525382647662,0.989639882693881,0.7368516147946744
IRF5,0.5380570924907511,0.9852248644847644,0.40876000400501694,0.7231995256263473
FOXP2,0.18759861389479837,0.16600798130243088,0.9212371558094806,0.9808292530117262
BACH2,0.9720955730429717,0.37708866016736564,0.9337113300346562,0.3604414267342093
PRDM6,0.78255376827553,0.946343076940557,0.8342257788198508,0.7934037842995959
NR1H2,0.7164427431634675,0.8117529229677922,0.6607818960579136,0.942114740831036
PRRX1,0.7231995256263473,0.942114740831036,0.8154635023643281,0.7682678110280534
ZBTB48,0.8767853932386467,0.7030646172172913,0.9130066566729652,0.925377948475512
PBX4,0.7130813954607625,0.9212371558094806,0.13541286072422823,0.572444434800227
UBP1,0.7647279843229293,0.12977904300597218,0.9007865453381898,0.9171134386256186
NR1H3,0.40876000400501694,0.896746135801185,0.16989903679539747,0.3746934494414107
MYB,0.4465955383477207,0.42121346507630353,0.3302416868705768,0.8887139641039208
SOX2,0.8847219428343831,0.7265951146274855,0.5782924046826503,0.638733758836151
BBX,0.6020323919857231,0.5102775283836756,0.5185306701403959,0.8807457944547437
HSF5,0.39401772226781356,0.8610987970709473,0.8456544746434735,0.20966570792347697
SPI1,0.30538164955118186,0.39890770756200533,0.8494932509506392,0.2811246719056218
CDX1,0.6736025844869752,0.8456544746434735,0.7402939589856472,0.8043728156701697
SNAI1,0.8418303782050702,0.050601013293789604,0.6898631053587553,0.16989903679539747
NR2E3,0.8229262235659176,0.761200643804961,0.6703819697869329,0.6964420764567979
RFX1,0.10938908730292288,0.8154635023643281,0.7437481938537348,0.6481234991859902
HMBOX1,0.3234001550538601,0.78255376827553,0.28549149107196226,0.1816638783749838
THRB,0.7753852787969174,0.36754204828378556,0.4805857385762724,0.3533908687375425
NR5A2,0.32113000651932105,0.5048130339115968,0.5493886585003012,0.7753852787969174
ERF,0.14677661937454325,0.28987746301521666,0.7647279843229293,0.46475427335959185
POU3F3,0.6639716914260139,0.7541830711463146,0.7030646172172913,0.7576857016975165
NKX3-2,0.750692666206546,0.45433751250133625,0.48859646232235143,0.5240708505160114
PRDM4,0.485919084551635,0.4389130421757044,0.019934214900817253,0.7472144018302213
PKNOX1,0.1241767874573023,0.7402939589856472,0.40628781485962795,0.36754204828378556
NFE2L3,0.34174929372205676,0.7334210796978854,0.6294313661738375,0.09481688044383235
ESR2,0.38672728900513426,0.004946423935325574,0.7265951146274855,0.2322307679155667
TCF7L1,0.706392407309966,0.6481234991859902,0.5212969236332861,0.5960443501411006
HOXD13,0.5408779688323926,0.706392407309966,0.6449837791813223,0.6356233364217587
HIVEP3,0.6865897800137862,0.6020323919857231,0.4966718763278969,0.6294313661738375
FOXD3,0.5212969236332861,0.6294313661738375,0.6800750989925926,0.6263496996364295
SOX15,0.2811246719056218,0.32113000651932105,0.2322307679155667,0.6671716941566845
LCORL,0.3371303478657622,0.4752806863465793,0.6639716914260139,0.09844007281325252
ETV7,0.0016460909066686805,0.026668247082161294,0.657602243140534,0.011579947430959423
POU6F1,0.25107949347423403,0.6512731080888863,0.15827099880027845,0.17380529176246257
SOX10,0.6449837791813223,0.4805857385762724,0.40136169652357195,0.35105168638437023
LCOR,0.4621398927855209,0.3533908687375425,0.6356233364217587,0.5930637220029626
FOXC2,0.39890770756200533,0.5075415485648007,0.6232775005994593,0.5782924046826503
ZBTB20,0.6202147110689137,0.3746934494414107,0.31886499988846884,0.3487179630381501
ZKSCAN2,0.6141171312007951,0.08045397644347055,0.12045931105716987,0.42372287668172937
HDX,0.5990338889894666,0.25957211351988757,0.21985947611301979,0.5048130339115968
FOXL2,0.5930637220029626,0.40136169652357195,0.36280270291988903,0.30985592994610295
TEAD1,0.12977904300597218,0.048872404393171906,0.06805346324501552,0.5900919516138052
ZBTB7B,0.30092729920180145,0.06981557823841497,0.5871289864831482,0.10755590622126197
HOXA9,0.5020919437972361,0.5841747745857168,0.4752806863465793,0.5075415485648007
FOXI1,0.36516956793015526,0.4363652700969057,0.5812292643559599,0.49937823792563973
RFX7,0.294282756483133,0.5753641449035618,0.4700036292457356,0.42121346507630353
POU3F4,0.572444434800227,0.5579724021916928,0.5465437063680698,0.5380570924907511
HOXD10,0.40136169652357195,0.5666304649348072,0.4491695423428935,0.41621345465959786
HNF1A,0.5637361069084428,0.14107859825990549,0.12790813507016044,0.08223809823697223
CRX,0.009917436657346028,0.3394371539636771,0.5637361069084428,0.24896756027109057
CEBPB,0.5268524934778881,0.5608501020193077,0.05928916525142741,0.31886499988846884
NKX2-5,0.45433751250133625,0.5551029597637398,0.5268524934778881,0.5102775283836756
HOXB7,0.49937823792563973,0.5522417274827076,0.47792969451815626,0.485919084551635
HOXA13,0.4363652700969057,0.5465437063680698,0.4912810276930205,0.4752806863465793
SOX3,0.5465437063680698,0.30092729920180145,0.07334915081972619,0.26170658604852026
NFATC4,0.4832488559957562,0.5437068250328703,0.4621398927855209,0.4621398927855209
SOX6,0.5296418955654667,0.292077683924819,0.06453852113757116,0.25107949347423403
POU3F2,0.5102775283836756,0.5296418955654667,0.49937823792563973,0.5020919437972361
AR,0.3964597259233652,0.5268524934778881,0.4465955383477207,0.46737550683946594
ZSCAN29,0.40382172236443437,0.11490888052652078,0.5240708505160114,0.006600684031352024
POU1F1,0.5048130339115968,0.5212969236332861,0.49397281935873183,0.49397281935873183
RXRG,0.20763936477824452,0.5185306701403959,0.35573553569679656,0.28549149107196226
FOXI3,0.5157720477013162,0.006600684031352024,0.04198769561567468,0.02835886456006894
SRY,0.4440281428424748,0.4726386768837407,0.5130210143294263,0.4805857385762724
ZBTB45,0.09120676821973253,0.49397281935873183,0.2789483924830264,0.004946423935325574
ZBTB44,0.3348288508774829,0.4491695423428935,0.240564149474711,0.4912810276930205
CDX2,0.3394371539636771,0.48859646232235143,0.32567546889099563,0.292077683924819
NR2E1,0.48859646232235143,0.23847428455525183,0.2468600779315258,0.20561711939747665
BCL11B,0.4414673219808013,0.3143503195339422,0.08045397644347055,0.4832488559957562
TAL1,0.292077683924819,0.32567546889099563,0.4726386768837407,0.32567546889099563
ALX3,0.011579947430959423,0.4700036292457356,0.0032948958968524265,0.026668247082161294
RXRA,0.46737550683946594,0.3302416868705768,0.1505934179012441,0.4700036292457356
ZIM3,0.3143503195339422,0.46475427335959185,0.24475702773474695,0.19556678354397533
POU5F1B,0.35105168638437023,0.4621398927855209,0.39401772226781356,0.36280270291988903
JDP2,0.04198769561567468,0.045424125114255705,0.4595323293784402,0.09301019521888317
ASCL1,0.3580857130417502,0.41621345465959786,0.45693154767838273,0.4389130421757044
MLXIP,0.41871033485818493,0.4465955383477207,0.08940658771558449,0.22808997524953534
SOX9,0.2876820724517809,0.4440281428424748,0.3166051119210314,0.3076162873525981
FOXA2,0.17969343438768515,0.4312891170650451,0.3348288508774829,0.2659892478405211
SNAI2,0.36280270291988903,0.3487179630381501,0.3076162873525981,0.4287606707116865
NKX2-2,0.3302416868705768,0.36992017068875305,0.41123832001948407,0.42623860127897656
GATA6,0.2789483924830264,0.38672728900513426,0.41871033485818493,0.3166051119210314
TBPL2,0.1448736692284571,0.41123832001948407,0.3031519942239127,0.20158485586953825
HNF4A,0.20359895524123955,0.40876000400501694,0.16406811648460423,0.16019963970668394
ZFP28,0.40628781485962795,0.3843089081408526,0.36516956793015526,0.3440667918624192
GATA4,0.3325326386171327,0.3348288508774829,0.39890770756200533,0.29649270213393575
ESR1,0.1429743334248047,0.11675560311968551,0.20763936477824452,0.3915816674699324
MYOD1,0.2468600779315258,0.3076162873525981,0.30538164955118186,0.38915153261664054
OLIG2,0.38915153261664054,0.13729787541999947,0.07867303207247586,0.05928916525142741
KDM2A,0.30985592994610295,0.34174929372205676,0.38915153261664054,0.09662683568907177
FOXA1,0.28549149107196226,0.3580857130417502,0.3746934494414107,0.38672728900513426
GATA2,0.26813747637881075,0.3121005997999267,0.38189636173546876,0.20359895524123955
FOXE1,0.3746934494414107,0.04027389913794008,0.18759861389479837,0.16213200745773793
OLIG3,0.3723039620440292,0.1186057424078469,0.045424125114255705,0.0317486983145803
CREBZF,0.11306556203223161,0.25744218726206275,0.36754204828378556,0.3348288508774829
PBX1,0.3031519942239127,0.36280270291988903,0.32113000651932105,0.3371303478657622
PHOX2B,0.3166051119210314,0.35573553569679656,0.3234001550538601,0.3302416868705768
FOXF1,0.1505934179012441,0.10025660373965034,0.3463896732785589,0.29870754246348863
CPEB1,0.15442484021280006,0.3463896732785589,0.23847428455525183,0.14677661937454325
TERF2,0.3463896732785589,0.014913283850717522,0.3143503195339422,0.013245226750020567
GATA5,0.217812392491295,0.3440667918624192,0.30985592994610295,0.17772686541564423
ATOH1,0.18363821267870145,0.2260259910286838,0.30092729920180145,0.3325326386171327
TBX21,0.014913283850717522,0.011579947430959423,0.02835886456006894,0.3279559715897208
NKX2-1,0.13353139262452263,0.3234001550538601,0.26813747637881075,0.08940658771558449
HOXB13,0.19157476227443776,0.3166051119210314,0.09120676821973253,0.18759861389479837
ETV4,0.3076162873525981,0.28549149107196226,0.27244782787993294,0.2789483924830264
FEZF1,0.2322307679155667,0.29870754246348863,0.2659892478405211,0.25957211351988757
POU4F3,0.25744218726206275,0.19957480494151414,0.20561711939747665,0.28987746301521666
ZBTB11,0.13541286072422823,0.05928916525142741,0.28987746301521666,0.0016460909066686805
TLX3,0.07512063046810817,0.2876820724517809,0.11675560311968551,0.1186057424078469
POU4F2,0.22191075888357722,0.18561645269080723,0.1525072940835283,0.28330569785198206
DLX3,0.22808997524953534,0.28330569785198206,0.25957211351988757,0.26384562429726977
GATA1,0.20966570792347697,0.1448736692284571,0.28330569785198206,0.240564149474711
HOXC10,0.2116961654738589,0.2767768389695185,0.2157694908614947,0.2157694908614947
MYOG,0.19356878088130222,0.24265839107782583,0.2746099908844282,0.24475702773474695
FOXR2,0.24475702773474695,0.19556678354397533,0.16213200745773793,0.27244782787993294
FOXA3,0.08402540881106792,0.11122563511022437,0.2702903297399117,0.2553167879497492
PGR,0.10572607954418577,0.2702903297399117,0.18958471186642784,0.1486831976451249
TP73,0.045424125114255705,0.26813747637881075,0.2363887780642304,0.17969343438768515
FOXO6,0.18958471186642784,0.20158485586953825,0.26384562429726977,0.21373075417164647
SIX1,0.26384562429726977,0.2157694908614947,0.2239662580656733,0.15442484021280006
ZSCAN31,0.021613476420537188,0.26170658604852026,0.24265839107782583,0.1038995950181515
FOXN2,0.24265839107782583,0.0540672212702757,0.26170658604852026,0.07867303207247586
NFE2,0.08223809823697223,0.2553167879497492,0.2531958963806117,0.06103589058636924
ELF3,0.2553167879497492,0.2239662580656733,0.2260259910286838,0.23847428455525183
SOX8,0.240564149474711,0.25107949347423403,0.17380529176246257,0.2343076118604059
PDX1,0.20561711939747665,0.23015822831359428,0.25107949347423403,0.24265839107782583
HOXC9,0.05928916525142741,0.24896756027109057,0.006600684031352024,0.050601013293789604
HESX1,0.19957480494151414,0.2468600779315258,0.1816638783749838,0.22191075888357722
POU4F1,0.2343076118604059,0.1816638783749838,0.16600798130243088,0.2260259910286838
PRRX2,0.16600798130243088,0.2343076118604059,0.21373075417164647,0.18958471186642784
NR1H4,0.16019963970668394,0.2322307679155667,0.19756878621464832,0.1757641562477956
PROP1,0.23015822831359428,0.15634607039069398,0.12604072089536505,0.15634607039069398
POU2F3,0.2239662580656733,0.16406811648460423,0.1429743334248047,0.21985947611301979
TBX20,0.17380529176246257,0.22191075888357722,0.217812392491295,0.12231632180438265
FOXQ1,0.03005234506640194,0.035150062138070426,0.22191075888357722,0.217812392491295
ZBTB1,0.21985947611301979,0.217812392491295,0.2116961654738589,0.20763936477824452
MECOM,0.14107859825990549,0.20966570792347697,0.13918645010786765,0.1429743334248047
MAFA,0.15827099880027845,0.12790813507016044,0.20359895524123955,0.18561645269080723
SP8,0.20158485586953825,0.07867303207247586,0.06103589058636924,0.12045931105716987
NKX2-8,0.048872404393171906,0.07158080376298404,0.19957480494151414,0.03005234506640194
IRX6,0.19756878621464832,0.19157476227443776,0.19556678354397533,0.13541286072422823
MEIS1,0.17772686541564423,0.18958471186642784,0.15442484021280006,0.12790813507016044
TBX3,0.06453852113757116,0.055804841168816434,0.18561645269080723,0.08045397644347055
HOXC4,0.09301019521888317,0.1757641562477956,0.10755590622126197,0.10025660373965034
RARB,0.019934214900817253,0.17380529176246257,0.1486831976451249,0.035150062138070426
EHF,0.17185025692665928,0.12045931105716987,0.09481688044383235,0.08760964203888291
CEBPD,0.13165345780032242,0.07334915081972619,0.0317486983145803,0.17185025692665928
HOXC12,0.11122563511022437,0.16989903679539747,0.11490888052652078,0.11306556203223161
PAX4,0.16406811648460423,0.16795161651100185,0.08760964203888291,0.12604072089536505
LHX6,0.11490888052652078,0.1429743334248047,0.14677661937454325,0.16795161651100185
PTF1A,0.1038995950181515,0.13918645010786765,0.16795161651100185,0.15827099880027845
NR2F1,0.07867303207247586,0.12231632180438265,0.13729787541999947,0.16406811648460423
SOX14,0.10755590622126197,0.16213200745773793,0.11122563511022437,0.11490888052652078
BHLHA15,0.026668247082161294,0.10572607954418577,0.16019963970668394,0.13729787541999947
HOXD9,0.12604072089536505,0.15442484021280006,0.09301019521888317,0.10938908730292288
PITX2,0.1525072940835283,0.1525072940835283,0.1448736692284571,0.13165345780032242
TEAD4,0.10025660373965034,0.11306556203223161,0.07512063046810817,0.1505934179012441
DLX4,0.05233261545806745,0.1486831976451249,0.050601013293789604,0.06629444783983601
HOXB5,0.06629444783983601,0.14677661937454325,0.05233261545806745,0.11122563511022437
FOXL1,0.06805346324501552,0.08402540881106792,0.04714677842570184,0.1448736692284571
TBX5,0.06278567231015686,0.033447934067540014,0.14107859825990549,0.06453852113757116
FEZF2,0.06981557823841497,0.13353139262452263,0.07158080376298404,0.08581591958485607
SPDEF,0.12790813507016044,0.09844007281325252,0.07689525382647662,0.07334915081972619
ZSCAN4,0.013245226750020567,0.1241767874573023,0.12231632180438265,0.03685509238915442
ZIC3,0.12231632180438265,0.08940658771558449,0.05754548564660062,0.023295562603521953
NHLH2,0.1186057424078469,0.10207644045663623,0.08402540881106792,0.11675560311968551
VSX1,0.09844007281325252,0.10755590622126197,0.11306556203223161,0.10572607954418577
PITX3,0.07334915081972619,0.10938908730292288,0.021613476420537188,0.03856303473431047
DMRT2,0.055804841168816434,0.1038995950181515,0.014913283850717522,0.05233261545806745
ESRRB,0.08760964203888291,0.03856303473431047,0.1038995950181515,0.09120676821973253
CREB3L2,0.07689525382647662,0.06805346324501552,0.09844007281325252,0.0032948958968524265
HOXC11,0.033447934067540014,0.09662683568907177,0.011579947430959423,0.048872404393171906
BARX1,0.035150062138070426,0.09481688044383235,0.033447934067540014,0.01825776857356499
SOX21,0.08940658771558449,0.08581591958485607,0.0540672212702757,0.06981557823841497
ARX,0.04027389913794008,0.08760964203888291,0.03856303473431047,0.07689525382647662
LMX1B,0.08581591958485607,0.06453852113757116,0.004946423935325574,0.06805346324501552
LBX2,0.08045397644347055,0.06103589058636924,0.009917436657346028,0.045424125114255705
FOXJ1,0.01825776857356499,0.02835886456006894,0.03685509238915442,0.07512063046810817
SOX5,0.07158080376298404,0.021613476420537188,0.013245226750020567,0.04027389913794008
KLF8,0.043704434234729174,0.043704434234729174,0.06981557823841497,0.05754548564660062
VSX2,0.04714677842570184,0.04714677842570184,0.06278567231015686,0.06278567231015686
NEUROD1,0.0540672212702757,0.04198769561567468,0.03005234506640194,0.04714677842570184
ISL1,0.03685509238915442,0.019934214900817253,0.02498048296844159,0.0540672212702757
FOXI2,0.004946423935325574,0.009917436657346028,0.043704434234729174,0.033447934067540014
HMX2,0.023295562603521953,0.0032948958968524265,0.035150062138070426,0.043704434234729174
HMX1,0.016584128015535406,0.016584128015535406,0.0016460909066686805,0.021613476420537188
TFAP2E,0.7679072557690546,0.08393445148515052,0.05666003356549127,0.12629372532429212
ZKSCAN3,0.38242744004114715,0.7633514392331938,0.18316937371629416,0.11910806566341768
E4F1,0.20894399640490946,0.09552206665753839,0.2848611961101396,0.43666720897814365
GLIS3,0.30190706338312817,0.06115442315333057,0.010649727916658039,0.027928775525010264
KLF11,0.23272318817102344,0.004246290881451097,0.23540056594173983,0.1882714256001896
SP9,0.18571714579509283,0.2037356512977711,0.22208478996596773,0.1959736459622819
SP7,0.10253963931618491,0.17556477433107487,0.15804242363887247,0.14082182588720188
GLIS1,0.14816580014296035,0.16801756869569195,0.11672427430814143,0.07933674223652108
SALL4,0.11910806566341768,0.13838577108932076,0.1432638295427536,0.14571181118139365
ZBTB12,0.06340921554041969,0.14571181118139365,0.05442039097198651,0.04329680575332419
FEV,0.030109801471370455,0.09319377689794725,0.01279335145990947,0.07704579048996525
KLF17,0.04773140282118992,0.049956097843301066,0.014941579998199027,0.03229559469135071
LYL1,0.005763704716750018,0.0019175461292718174,0.7242780991551185,0.005763704716750018
FOXK2,0.0038387763071658244,0.28896002789727293,0.3070250352949119,0.6086933497214326
GLI1,0.05109166115771133,0.5019253742957266,0.10280949386622103,0.06735218202949153
GLI3,0.07351869694515568,0.12210269680089984,0.13957038984129072,0.1417754623996047
GLI2,0.11563018229528245,0.1199405337964046,0.10068860229708337,0.13298419698843408
GMEB1,0.08596699047172363,0.10280949386622103,0.10706481943635932,0.06940346480004894
PAX7,0.027186140304156947,0.06122346008811808,0.06940346480004894,0.03707741778289948
ZBTB7C,0.015444322427473744,0.045061492131120096,0.021297997678934352,0.06530509840776655
