	CXCR5hi_PD1hi	CXCR5pos_PD1int	CXCR5pos_PD1neg	Naive
AC023509.3	1.0	1.0	1.0	1.0
AC138696.1	1.0	1.0	1.0	1.0
AHR	0.0	0.0	0.0	2.995058154045771e-3
AIRE	0.9484120755506723	0.9017907537585305	0.9985223858543072	0.9982528827434732
ALX1	0.3681264061110239	0.40669095387141463	0.13190168940550662	0.4497578994658813
ALX3	3.7356772877099376e-2	4.079224177741292e-2	4.974634290498936e-3	6.199770378874858e-2
ALX4	0.1570658713964318	9.338601262250501e-2	5.22582869526671e-2	0.7207607447711276
ANHX	0.999947679589808	0.9995382010364822	0.8411564793380288	0.9996006589127939
AR	1.0464082038402767e-3	3.1299707527323584e-3	1.871644584544141e-3	3.044975789946558e-3
ARGFX	0.7191440380892586	0.5694494330134947	0.3474855932620795	0.9884191084710228
ARID3A	0.0	6.106008517625328e-3	0.0	0.0
ARID3B	0.8048971903939727	1.6881317666375906e-2	2.0686598039698634e-3	0.0
ARID3C	0.22597185161931665	0.7668941454153625	0.49780820568388906	0.2617181650277043
ARID5A	0.0	0.0	0.0	0.0
ARID5B	0.0	0.0	0.0	0.0
ARNT	0.0	0.0	0.0	0.0
ARNT2	1.0	1.0	3.364034871693833e-2	7.81211001846952e-2
ARNTL	1.0464082038402767e-3	2.41161680948232e-3	4.9253804856430605e-5	0.0
ARX	2.5166117302359625e-2	0.10026168607932684	9.614342707974188e-2	0.14451155593271103
ASCL1	1.5172918955684844e-3	4.5666786392324354e-3	1.1820913165542235e-3	2.3461288873358743e-3
ASCL2	0.0	0.8696700702960645	6.33896468502192e-2	0.1196525732541307
ATF1	0.0	0.0	0.0	0.0
ATF2	0.0	0.0	0.0	0.0
ATF3	0.0	0.0	0.0	0.0
ATF4	0.0	0.0	0.0	0.0
ATF5	7.288233139747813e-2	5.274770383293137e-2	2.2656750233955525e-2	4.991763590076359e-3
ATF6	0.0	0.0	0.0	0.0
ATF6B	0.0	0.0	0.0	0.0
ATF7	0.0	0.0	0.0	0.0
ATOH1	4.185632815361218e-3	1.3700035917697195e-2	7.92986258188444e-3	6.18978685169469e-3
ATOH7	0.999790718359232	1.0	0.998374624439738	0.9852742974092747
BACH1	0.0	0.0	0.0	0.0
BACH2	2.511379689216775e-3	0.0	5.713441363345284e-3	0.0
BARHL1	0.9886464709883326	0.9986146031094464	0.9525193321184061	0.9857734737682823
BARHL2	4.734997122377438e-2	0.26081379239571045	0.16357188592818794	0.17730744271951282
BARX1	0.3207241144770575	0.10770178049155932	0.20287642220361524	0.16981979733439823
BARX2	0.9163396641029665	0.9795782236133204	0.391222971974585	1.9368042729496326e-2
BATF	0.0	0.0	0.0	0.0
BATF3	0.480249045152514	0.9655190107239982	0.8079101610599418	0.5771477062846304
BBX	5.232041019198608e-5	0.0	1.3298527311235153e-3	0.0
BCL11A	0.0	0.0	0.0	0.0
BCL11B	1.6219327159524566e-3	2.011391041100108e-2	5.073141900211797e-3	4.442669595167925e-3
BCL6	0.0	0.0	0.0	0.0
BCL6B	0.3809449066080678	0.40766586279439687	7.102398660296505e-2	5.2912694054809584e-2
BHLHA15	6.74933291477009e-3	2.4475345066447773e-2	9.998522385854303e-3	7.83706883641988e-3
BHLHE22	0.999947679589808	1.0	1.0	0.9984525532870763
BHLHE23	0.9959190080050228	1.0	0.9999507461951436	0.9841261917835571
BHLHE40	0.0	0.0	0.0	0.0
BHLHE41	0.9878616648354523	0.7842372620452562	0.6025710486135054	0.8101133130334948
BNC1	0.375085020666562	0.3601518805480014	0.1910062552332168	0.3371936305096591
BNC2	0.375085020666562	0.3601518805480014	0.1910062552332168	0.3371936305096591
BORCS8-MEF2B	1.0830324909747335e-2	0.0	2.669556223218239e-2	0.9869714970299006
BPTF	0.0	0.0	0.0	0.0
BSX	0.6311411081462879	0.20390989789111802	0.16721666748756336	0.7095292766934558
CARF	1.4021869931460262e-2	0.9994355790445892	0.9970447717086145	1.1431138621274872e-2
CCDC169-SOHLH2	0.9945586773400303	0.9999486890040535	0.9711372703541349	0.9970548594818549
CDC5L	1.3603306649924152e-3	4.823233618964529e-3	4.9253804856430605e-5	0.0
CDX1	0.0	0.0	4.9253804856430605e-5	0.0
CDX2	3.924030764401176e-3	1.6060341731233052e-2	6.846278875043077e-3	5.540857584984793e-3
CDX4	0.9747292418772563	0.9022525527220483	0.21464808156430082	4.647331902361107e-2
CEBPA	0.0	2.4013546102929828e-2	4.9253804856430605e-5	1.0033444816053505e-2
CEBPB	3.714749123633121e-3	4.1459284724716494e-2	3.7925429739447125e-3	3.6939050566565657e-3
CEBPD	6.74933291477009e-3	3.8893734927394896e-2	2.3691080135940457e-2	2.3111865422053568e-2
CEBPE	2.2183853921414753e-2	0.5785827902919596	0.2888243116780771	0.0
CEBPG	0.0	3.848324695982397e-3	0.0	0.0
CEBPZ	0.0	0.0	0.0	0.0
CENPB	1.0	1.0	2.8862729645865115e-2	1.0
CENPBD1	1.0	1.0	1.0	1.0
CIC	1.5172918955684844e-3	0.0	2.6597054622469196e-3	5.74052812858783e-3
CLOCK	7.241144770575003e-2	1.0	6.895532679899175e-4	0.9648579843258623
CPEB1	9.051430963218698e-3	3.730309405305554e-2	2.7089592671033835e-2	1.5524384765137511e-2
CREB1	0.0	0.0	0.0	0.0
CREB3	0.0	0.0	0.0	0.0
CREB3L1	5.232041019198608e-5	1.3956590897429288e-2	7.7821011673151474e-3	6.838716118404586e-3
CREB3L2	3.474075236749852e-2	1.8369336548822446e-2	7.97911638674087e-3	5.990116308091653e-3
CREB3L4	0.0	3.242854943814455e-2	1.241195882381918e-2	1.1830479708481056e-2
CREB5	0.894574373463088	0.9976396941864641	0.9406984189528641	0.9415464483602056
CREBL2	2.459059279024789e-3	9.646467237929057e-3	1.2264197409249888e-2	2.82034642839315e-2
CREBZF	3.034583791136969e-3	7.850582379803961e-3	4.9253804856430605e-5	1.2778914790595564e-2
CREM	0.0	0.0	0.0	0.0
CRX	3.976351174593162e-3	8.876802298732667e-3	1.6500024626902476e-2	0.9785354165626716
CTCF	0.0	0.0	0.0	0.0
CTCFL	7.324857426882492e-4	0.0	0.0	0.0
CUX1	0.0	0.0	0.0	0.0
CUX2	1.0	1.0	1.0	8.485998103129888e-3
CXXC1	0.0	0.0	0.0	0.0
CXXC4	1.0	1.0	1.0	1.0
CXXC5	3.034583791136969e-3	0.8406280465903844	0.799931044673201	0.1877402286227724
DBP	8.371265630722213e-4	0.0	1.3397034920947681e-2	0.0
DBX1	0.7597446763982629	0.9968700292472676	0.9986701472688765	0.9918135077122747
DBX2	0.9996860775388479	0.9990764020729642	0.8012116435994681	0.9666550192182898
DDIT3	1.161513106262757e-2	1.8779824516393817e-2	1.7140324090035963e-2	3.594069784854992e-3
DLX1	0.9995814367184639	0.9997947560162143	0.9993104467320101	1.0
DLX2	0.9926751425731177	0.9993842680486428	0.9984731320494509	0.9999001647281984
DLX3	7.952702349186436e-3	2.2987326184001233e-2	1.50716642860661e-2	1.6173314031847408e-2
DLX4	0.6300946999424475	0.9026630406896198	0.5497709698074176	0.9333100384365797
DLX5	0.9972270182598232	0.9996921340243214	0.994680589075506	0.9996006589127939
DLX6	0.9982211060534715	0.9993842680486428	0.9502044032901542	1.0
DMBX1	0.9983257468738554	0.130381240699882	1.970152194257002e-2	1.0
DMRT1	0.8495265002877622	0.9981014931499821	0.749298133280796	0.8633754305396096
DMRT2	0.3545230994610997	0.1439273436297398	0.2200167462936512	0.28458044227025403
DMRT3	0.6038298540260556	0.9991790240648571	0.9887208786878786	0.9746917585983128
DMRTA1	0.11081462878668968	0.7843911950330956	0.1376151307688519	0.1001846952528328
DMRTA2	0.9610212944069482	1.0	0.9846820666896517	0.9996006589127939
DMRTB1	0.983414429969131	0.9541792806198368	0.8147564399349849	0.9682024659312135
DMRTC2	0.16737299220425883	0.7602750269382729	0.22602571048613507	0.37777666849698
DNMT1	0.0	0.0	0.0	0.0
DNTTIP1	0.9323497096217235	0.9808096875160347	0.9119341969167118	0.9776868167523586
DPF1	0.9329252341338357	0.9950228333931962	0.9938925281978033	0.9662556781310837
DPF3	0.9662533354261498	0.9976910051824106	0.9994582081465794	0.9809813807218091
DPRX	0.9662533354261498	0.9995895120324285	0.9998029847805743	0.9999500823640992
DRGX	0.2233558311097159	0.43291087280004104	0.14244200364478155	0.7956371986222732
DUX1_HUMAN	1.0	1.0	1.0	1.0
DUX3_HUMAN	1.0	1.0	1.0	1.0
DUX4	0.26652016951812907	0.9888142028836779	0.921686450278284	0.8091149603154795
DUXA	0.536022602417203	0.5855097747447278	0.5761217554056051	0.8428592821843958
E2F1	1.0464082038408318e-4	0.0	4.9253804856430605e-5	0.0
E2F2	0.0	0.0	1.0343299019849317e-2	7.138221933809197e-3
E2F3	0.0	0.0	0.0	0.0
E2F4	0.0	0.0	0.0	0.0
E2F5	3.374666457385023e-2	0.9546923905793011	0.0	0.1086207757200619
E2F6	0.0	0.0	0.0	0.0
E2F7	6.330769633233979e-3	0.0	1.8371669211446617e-2	1.1980232616183306e-2
E2F8	2.1451368178726504e-3	0.0	8.53568438161848e-2	2.3111865422053568e-2
E4F1	0.0	0.0	5.467172339063242e-3	2.096540707832051e-3
EBF1	0.0	0.0	4.9253804856430605e-5	0.0
EBF2	1.0	1.0	1.0	0.4497578994658813
EBF3	0.10014126510751842	0.5149571553183847	2.649854701275678e-2	6.329556232216837e-2
EBF4	1.0	1.0	0.9998029847805743	0.9993011530973893
EGR1	0.0	0.0	0.0	0.0
EGR2	0.0	0.0	0.0	0.0
EGR3	0.0	0.0	0.0	0.0
EGR4	1.4649714853764984e-3	5.644209554107493e-3	0.0	3.594069784854992e-3
EHF	1.6219327159524566e-3	6.670429473036088e-3	4.974634290498936e-3	4.143163779763426e-3
ELF1	0.0	0.0	0.0	0.0
ELF2	0.0	0.0	0.0	0.0
ELF3	1.4649714853764984e-3	4.7206116270717136e-3	2.9552282913855032e-3	3.2945639694503814e-3
ELF4	0.0	0.0	0.0	0.0
ELF5	0.0	0.0	0.0	0.0
ELK1	0.0	0.0	0.0	0.0
ELK3	0.0	0.0	0.0	0.0
ELK4	0.0	0.0	0.0	0.0
EMX1	0.6883796368963533	0.7110164708296989	0.6229621238240655	0.9894673788249388
EMX2	0.8305341913880605	0.9833239263174098	0.8750923508841058	0.9984525532870763
EN1	0.26374718777795214	0.1568577146082405	9.816283307885532e-2	0.47192132980582036
EN2	0.7018783027258934	0.46949561290984654	0.5865143082303108	0.5272300703838666
EOMES	0.9909485690367813	0.8342141720970804	1.0	0.9812309689013128
EPAS1	7.952702349186436e-3	0.0	1.8864207260010812e-2	1.4675784954824578e-2
ERF	0.0	0.0	4.9253804856430605e-5	4.442669595167925e-3
ERG	0.0	0.0	0.0	0.0
ESR1	2.6683409197928443e-3	1.1237108112268412e-2	5.762695168201715e-3	5.74052812858783e-3
ESR2	3.6101083032491488e-3	0.0	7.388070728463814e-3	4.492587231068601e-4
ESRRA	0.0	0.0	0.0	4.093246143862639e-3
ESRRB	5.650604300737716e-3	2.2474216224536936e-2	1.3791065359799015e-2	1.1980232616183306e-2
ESRRG	0.4715638570606393	1.4469700856893586e-2	0.297492981332808	0.13288074676783312
ESX1	0.19991628734369282	0.18687464723690284	0.1692360734866768	0.31313333000549093
ETS1	0.0	0.0	0.0	0.0
ETS2	0.0	5.438965570321752e-3	0.0	0.0
ETV1	7.324857426882492e-4	0.0	4.9253804856430605e-5	2.3960465232366612e-3
ETV2	0.0	4.823233618964529e-3	0.0	3.7937403284580284e-3
ETV3	6.697012504577993e-3	1.8318025552875983e-2	0.12288824311678082	3.46927569510308e-2
ETV3L	6.906294145346048e-3	8.322643542511166e-2	3.6644830813180373e-2	3.813707382818354e-2
ETV4	9.417673834563045e-4	3.745702704089471e-3	9.850760971286121e-5	2.8952228822443082e-3
ETV5	0.0	0.0	0.0	0.0
ETV6	0.0	0.0	0.0	0.0
ETV7	4.44723486632137e-3	0.0	7.338816923607383e-3	8.635751010832138e-3
EVX1	0.19384711976141888	0.7897275386115244	0.10781657883071472	0.8879349074027854
EVX2	0.1450844974624601	0.18656678126122428	6.265083977737285e-2	0.2879249238756052
FBXL19	1.0	1.0	1.0	1.0
FERD3L	0.7454088840056505	0.990610087741803	0.6006501502241048	0.2101532471422154
FEV	2.0404959974885672e-3	9.543845246036242e-3	5.516426143919673e-3	6.389457395297726e-3
FEZF1	4.290273635745301e-3	1.1852840063625636e-2	6.6492636556173546e-3	7.238057205610771e-3
FEZF2	1.046408203840321e-2	2.2679460208322677e-2	1.2805989262670514e-2	1.2030150252084093e-2
FIGLA	1.3603306649924152e-2	3.427574529221611e-2	2.1031374673693537e-2	5.1065741526481356e-2
FLI1	0.0	0.0	0.0	0.0
FOS	0.0	0.0	0.0	0.0
FOSB	0.0	0.0	0.0	0.0
FOSL1	1.6742531261445537e-3	6.106008517625328e-3	3.8910505836575737e-3	0.0
FOSL2	7.115575786114214e-3	0.0	0.0	0.0
FOXA1	3.6101083032491488e-3	1.1237108112268412e-2	7.043294094468799e-3	7.83706883641988e-3
FOXA2	4.761157327473398e-3	1.4469700856893586e-2	1.147613653154711e-2	8.7355862826336e-3
FOXA3	1.00455187568671e-2	2.8374980758376522e-2	1.590897896862531e-2	1.4625867318923791e-2
FOXB1	3.139224611521385e-4	0.0	6.678815938531246e-2	2.416013577596965e-2
FOXB2	0.4419505048919583	0.5187028580224742	8.895237157070379e-2	0.3174262466929566
FOXC1	5.232041019198608e-5	0.0	4.9253804856430605e-5	0.0
FOXC2	1.935855177104595e-3	5.695520550053845e-3	6.600009850760924e-3	5.441022313183219e-3
FOXD1	4.321665881860515e-2	0.1534198778798297	8.703147318130322e-2	0.33734338341736136
FOXD2	0.0	1.1852840063625636e-2	7.7821011673151474e-3	7.737233564618418e-3
FOXD3	1.308010254800429e-3	3.1299707527323584e-3	2.758213071959781e-3	2.495881795038235e-3
FOXD4	1.0	0.9999486890040535	1.0	1.0
FOXD4L1	1.0	0.9999486890040535	1.0	1.0
FOXD4L3	1.0	0.9999486890040535	1.0	1.0
FOXD4L4	1.0	0.9999486890040535	1.0	1.0
FOXD4L5	1.0	0.9999486890040535	1.0	1.0
FOXD4L6	1.0	0.9999486890040535	1.0	1.0
FOXE1	9.176999947679587e-2	9.44122325414336e-2	5.0977688026400014e-2	7.337892477412233e-3
FOXE3	0.35588343012609214	0.5952075529786034	0.2900064029946313	0.6677482154445166
FOXF1	3.856014231151572e-2	2.4372723074554847e-2	2.8222430182731628e-2	2.1364748165526914e-2
FOXF2	0.24569664626170673	0.9265739648006568	0.2645421858838596	0.7636399940098837
FOXG1	9.260712603986865e-3	3.858586895171634e-2	1.7583608333743728e-2	1.3777267508610747e-2
FOXH1	0.19369015853084293	9.677253835496946e-2	0.48519923164064427	0.11181550441771082
FOXI1	1.935855177104595e-3	8.055826363589702e-3	6.600009850760924e-3	5.540857584984793e-3
FOXI2	5.164024485951968e-2	0.42711273025809426	8.077623996453731e-2	9.589177856536713e-2
FOXI3	6.738868832731648e-2	0.5114680075940274	9.673447273801905e-2	2.7953876104427344e-3
FOXJ1	0.21399047768534507	0.30535173687721273	0.399448357385608	0.33409873708381166
FOXJ2	0.0	0.0	0.0	0.0
FOXJ3	0.0	0.0	0.0	0.0
FOXK1	0.0	0.0	0.0	0.0
FOXK2	1.6219327159524566e-3	1.2930370978500694e-2	5.4179185342068115e-3	0.7963859631607847
FOXL1	2.396274786794328e-2	8.774180306839752e-2	0.16879278924296903	0.24210053411870414
FOXL2	4.918118558049467e-3	1.5957719739340126e-2	1.162389794611629e-2	1.1131632805870262e-2
FOXM1	0.0	0.0	4.137319607939727e-3	0.0
FOXN1	0.9953434834929106	0.9999486890040535	0.9999507461951436	1.0
FOXN2	1.794590069586144e-2	1.4418389860947234e-2	0.1086046397084175	3.1747616432885706e-2
FOXN3	0.0	0.0	0.0	0.0
FOXN4	0.9394652854078376	0.9980501821540356	0.9770969807417623	0.9304148155543354
FOXO1	0.0	0.0	0.0	0.0
FOXO3	0.0	0.0	0.0	0.0
FOXO4	0.0	0.0	0.0	0.0
FOXO6	4.551875686705342e-3	2.0575709374518913e-2	9.456730532433677e-3	8.086657015923704e-3
FOXP1	0.0	0.0	0.0	0.0
FOXP2	1.5696123057606925e-4	0.0	1.6352263212333185e-2	1.1530973893076446e-2
FOXP3	1.4126510751844013e-3	0.0	0.0	0.0
FOXP4	1.1353529011667418e-2	1.5495920775822292e-2	0.4205782396690144	0.655618229920631
FOXQ1	6.644692094386018e-2	4.961773308019912e-2	9.003595527754515e-2	0.10552588229421456
FOXR1	1.1196567781091349e-2	1.770229360151876e-2	0.3141900211791361	8.441072230819147e-2
FOXR2	6.430178412598753e-2	2.5398942993483553e-2	3.7679160715165194e-2	0.17306444366794793
FOXS1	0.3958039031026003	0.6325106470316588	0.13081810569866525	0.39290171217491143
GABPA	0.0	0.0	0.0	0.0
GATA1	7.638779888034297e-3	1.847195854071526e-2	1.3594050140373293e-2	1.0183197723755755e-2
GATA2	3.87171035420919e-3	1.5957719739340126e-2	8.422400630448745e-3	8.036739380022917e-3
GATA3	0.0	0.0	0.0	0.0
GATA4	4.761157327473398e-3	2.067833136641184e-2	9.653745751859288e-3	8.386162831328314e-3
GATA5	2.124208653795845e-2	8.127661757914717e-2	2.1720927941683454e-2	2.1015324714221517e-2
GATA6	1.0307120807827141e-2	3.8842423931448544e-2	1.5810471358912448e-2	1.6572655119053592e-2
GBX1	1.0	1.0	1.0	1.0
GBX2	1.3812588290692207e-2	3.258248242598394e-2	1.7140324090035963e-2	3.179753406878649e-2
GCM1	4.551875686705342e-3	3.247986043409101e-2	1.0097029995567164e-2	1.5923725852343584e-2
GCM2	0.3303510699523884	0.9979475601621427	0.6006994040289613	0.9806319572705037
GFI1	1.4126510751844013e-3	1.6419518702858182e-3	0.0	1.6173314031847408e-2
GFI1B	0.7398629205252969	0.8839858381651188	0.4313648229325715	0.9239255228872361
GLI1	4.499555276513356e-3	1.436707886500077e-2	1.132837511697793e-3	9.384515549343608e-3
GLI2	3.976351174593162e-3	1.3186925958232898e-2	7.437324533320244e-3	6.33953975939705e-3
GLI3	4.237953225553315e-3	1.3853968905536473e-2	8.668669654730787e-3	7.38781011331302e-3
GLI4	1.7788939465285258e-3	0.9997434450202678	0.997685071171748	2.096540707832073e-2
GLIS1	1.988175587296581e-3	5.644209554107493e-3	3.3000049253805175e-3	3.594069784854992e-3
GLIS2	5.3366818395855775e-3	2.04730873826261e-2	1.0934344678126373e-2	1.0033444816053505e-2
GLIS3	3.4008266624809824e-3	9.800400225768335e-3	5.9104565827710065e-3	0.0
GMEB1	1.6219327159524566e-3	2.0832264354251118e-2	9.850760971286121e-5	4.492587231068601e-4
GMEB2	1.988175587296581e-3	0.3560983118682334	2.0686598039698634e-3	0.0
GRHL1	0.999947679589808	6.008517625327103e-2	0.9999507461951436	0.9993510707332901
GRHL2	0.9947679589807984	0.8179485863820617	0.6788159385312516	0.8453551639794339
GSC	0.9983257468738554	0.9994868900405357	0.9998029847805743	1.0
GSC2	0.9718516193166954	0.9976910051824106	0.998029847805743	0.9996006589127939
GSX1	0.15099670381415786	0.21627584791420806	7.629414372260257e-2	0.5453501722158438
GSX2	0.17349448019672475	0.22900097490892302	7.255085455351429e-2	0.6090450756252184
GTF2B	0.0	0.0	0.0	0.0
GTF2I	0.0	0.0	0.0	0.0
GTF2IRD1	0.0	0.0	3.004482096241934e-3	1.0732291718664189e-2
GTF3A	0.0	0.0	0.0	0.0
GZF1	0.4582221524616753	1.7189183642054462e-2	0.11623897946116335	0.9369540258573354
HAND1	2.307330089467896e-2	3.2531171430037475e-2	2.9108998670147268e-2	2.6356511755603274e-2
HAND2	0.17699994767958982	0.1332033454769357	0.17967788011623897	0.2791893375929716
HBP1	0.0	0.0	0.0	0.0
HDX	3.976351174593162e-3	0.5382523474780645	5.762695168201748e-2	5.311236459841262e-2
HES1	6.906294145346048e-3	2.6168607932679944e-2	1.8125400187164464e-2	8.935256826236748e-3
HES2	0.4609951342018521	2.293601518805477e-2	5.861202777914576e-3	0.421504517546049
HES4	0.8172971276094805	0.9891220688593566	0.875240112298675	0.6264164129186842
HES5	0.9826296238162507	0.9989224690851249	0.7400876717726445	0.5023710877052863
HES6	0.6748809710668131	1.0	0.9999507461951436	1.0
HES7	0.33239156594987707	0.8602801580378675	0.4519529133625573	0.18749064044326857
HESX1	1.7684298644901397e-2	6.357432397762841e-2	3.891050583657585e-2	6.983477262516846e-2
HEY1	0.0	6.0033865257325125e-3	0.8581490420134955	0.5791444117206609
HEY2	0.6605451786742008	0.963363948894248	0.34640200955523814	0.15669145909249738
HEYL	1.5172918955684844e-3	4.464056647339509e-3	4.137319607939727e-3	1.0
HHEX	0.9996860775388479	0.9990250910770178	0.22858690833866913	1.0
HIC1	2.1451368178726504e-3	1.026219918928628e-2	5.861202777914576e-3	6.389457395297726e-3
HIC2	2.3544184586407058e-3	1.1237108112268412e-2	0.0	0.7194628862377077
HIF1A	0.0	0.0	0.0	0.0
HIF3A	2.406738868832692e-3	6.0033865257325125e-3	0.7901295375067724	0.9992013178255877
HINFP	0.0	0.0	0.0	0.0
HIVEP1	9.940877936482906e-4	0.0	1.1279121312121387e-2	0.0
HIVEP2	0.0	0.0	0.0	0.0
HIVEP3	1.4126510751844013e-3	3.4378367284109146e-3	4.9253804856430605e-5	0.0
HKR1	6.74933291477009e-3	2.1294063317768952e-2	1.4973156676353239e-2	1.2579244246992416e-2
HLF	0.9246062889133051	0.9967674072553748	0.9842880362508004	0.9857734737682823
HLX	6.890598022288497e-2	0.3048899379136949	0.6331084076244891	0.20346428393151306
HMBOX1	8.423586040914566e-2	1.3648724921750732e-2	9.850760971286121e-5	6.2896221234962635e-3
HMG20A	0.0	0.0	0.0	0.0
HMG20B	0.0	0.0	0.0	0.0
HMGA1	0.0	0.0	0.0	0.0
HMGA2	0.41887720399727935	0.9999486890040535	0.8974535782889228	0.9999001647281984
HMX1	0.17354680060691674	0.4621068294935605	0.3181303255676501	0.34812559277192634
HMX2	0.24308062575210587	0.8995843809328339	0.2527705265231739	0.4235012229820796
HMX3	0.6306702244545597	0.9982041151418749	0.8659803969856672	0.996605600758748
HNF1A	3.77230157484435e-2	3.8842423931448544e-2	5.856277397428955e-2	4.143163779763426e-3
HNF1B	8.852613404489096e-2	8.486838729539736e-2	9.727626459143968e-2	2.835321719163375e-2
HNF4A	3.976351174593162e-3	1.3700035917697195e-2	8.225385411023023e-3	6.33953975939705e-3
HNF4G	3.976351174593207e-2	4.9874288059931215e-2	3.984632812884792e-2	1.7421254929366525e-2
HOMEZ	0.5006016847172081	1.4213145877161493e-2	0.2786780278776535	9.484350821145071e-3
HOXA1	0.6325014388112803	1.1339730104161339e-2	0.14800768359355765	0.590974891429142
HOXA10	0.3384607335321509	0.6693006311252501	8.181056986652224e-2	2.6306594119702487e-2
HOXA11	0.8374928059435987	0.9068705423572272	0.3452199182386839	0.1987221085209404
HOXA13	2.1451368178726504e-3	7.2348504284468484e-3	4.482096241934741e-3	3.8436579643588153e-3
HOXA2	0.12860356825197505	0.5796603212068346	0.12382406540905289	0.0
HOXA3	1.0	1.0	1.0	1.0
HOXA4	3.725213205671529e-2	0.19390425368156394	3.280303403437912e-2	0.2279239255228872
HOXA5	0.12630147020352644	0.37852121709682385	6.023740333940797e-2	1.133130334947341e-2
HOXA6	0.9976979019515513	0.9999486890040535	0.9999507461951436	0.9990016472819847
HOXA7	0.9995814367184639	0.9994355790445892	0.9891149091267301	0.0
HOXA9	1.935855177104595e-3	5.541587562214567e-3	5.1716495099246584e-3	3.8935756002596023e-3
HOXB1	0.26892690838696176	0.6923905793011442	0.6404964783529528	0.5875305745519892
HOXB13	9.260712603986865e-3	2.5963363948894203e-2	1.0097029995567164e-2	1.0981879898168012e-2
HOXB2	3.6101083032491488e-3	1.3392169942018528e-2	8.333743781707137e-2	0.5213897069834772
HOXB3	1.0	1.0	0.9999507461951436	1.0
HOXB4	2.8462303144456635e-2	0.5012571194006876	5.063291139240511e-2	0.0
HOXB5	2.1556008999110587e-2	0.11704038175380982	3.019258237698863e-2	9.224779114461135e-2
HOXB6	0.7842306283681264	0.9736261480835343	0.9316357188592819	0.886337543053961
HOXB7	2.1451368178726504e-3	8.620247319000462e-3	6.058217997340298e-3	5.441022313183219e-3
HOXB8	0.7392873960131847	0.9527938837292832	0.8769639954686499	0.7709778864872959
HOXB9	0.9366923036676608	0.992149417620196	0.16435994680589072	6.2247291968252405e-2
HOXC10	7.115575786114214e-3	2.4270101082662032e-2	9.505984337290108e-3	7.737233564618418e-3
HOXC11	2.971799298906508e-2	0.11155010518754171	2.9700044328424324e-2	1.587380821644291e-2
HOXC12	2.181761105007063e-2	0.2281286879778337	1.856868443087234e-2	1.3627514600908497e-2
HOXC13	2.1765290639878643e-2	6.680691672225358e-2	1.5662709944343156e-2	1.2429491339290166e-2
HOXC4	6.17380840265791e-3	3.96633998665914e-2	1.6450770822046046e-2	2.4509559227275046e-2
HOXC5	0.9866059749908439	0.38878341628611013	0.2278973550706792	0.95816902111516
HOXC6	0.7430021451368178	0.939453024783211	0.8942028271683987	0.764838017271502
HOXC8	0.8966148694605766	0.8758787008055826	0.7553070974732798	0.8304797084810063
HOXC9	6.848741694134886e-2	0.24824259838883478	2.6301531793331057e-2	1.1730644436679483e-2
HOXD1	1.0	1.0	1.0	1.0
HOXD10	1.935855177104595e-3	1.0929242136589856e-2	5.073141900211797e-3	3.8935756002596023e-3
HOXD11	3.458379113692256e-2	0.19682898045051056	2.9749298133280755e-2	2.1764089252732988e-2
HOXD12	4.3112017998221064e-2	0.5110062086305095	5.2652317391518544e-2	5.0017471172565275e-2
HOXD13	1.4126510751844013e-3	5.9007645338395864e-3	2.0686598039698634e-3	2.7953876104427344e-3
HOXD3	0.5045257154816094	0.9935348145107497	0.8783431020046298	0.9944591424150152
HOXD4	3.918798723381989e-2	0.3996613474267535	3.206422696153277e-2	0.4248489991514002
HOXD8	0.7537278292261811	0.8389860947200986	0.5126336009456731	0.693206209753906
HOXD9	8.161983989954491e-3	2.7348760839447928e-2	1.1673151750972721e-2	8.336245195427527e-3
HSF1	0.0	0.0	0.0	0.0
HSF2	0.0	1.385396890553614e-3	0.0	0.0
HSF4	0.9523884267252656	0.9896864898147673	0.629168103235975	0.7878001297858533
HSF5	0.9350703709517083	1.5188054800143624e-2	6.304487021622451e-3	0.9991514001896871
HSFX1	1.0	1.0	1.0	1.0
HSFX2	1.0	1.0	1.0	1.0
HSFY1	0.9908439282163972	0.9984606701216071	0.9984731320494509	0.9991514001896871
HSFY2	1.0	1.0	1.0	1.0
IKZF1	0.0	0.0	0.0	0.0
IKZF2	0.0	0.0	2.8222430182731628e-2	0.0
IKZF3	0.0	0.0	0.0	0.0
IKZF4	3.924030764401176e-3	3.6430807121966557e-3	0.9998522385854307	3.8935756002596023e-3
IKZF5	0.0	0.0	0.0	0.0
INSM1	4.0286715847852594e-3	1.677869567448309e-2	9.998522385854303e-3	1.0283032995557329e-2
IRF1	0.0	0.0	0.0	0.0
IRF2	0.0	0.0	0.0	0.0
IRF3	0.0	0.0	0.0	0.0
IRF4	0.0	0.0	0.0	0.0
IRF5	0.0	1.0775309148750578e-3	0.0	0.0
IRF6	0.9953434834929106	6.300990302221765e-2	0.5900113283751169	0.7576997953376928
IRF7	0.0	0.0	0.0	0.0
IRF8	0.0	0.0	0.0	0.0
IRF9	0.0	0.0	0.0	0.0
IRX1	0.9886464709883326	0.9999486890040535	0.9976358173668916	0.9996006589127939
IRX2	1.0	1.0	0.9996059695611486	1.0
IRX3	0.999947679589808	1.0	0.9999507461951436	1.0
IRX4	0.891435148851567	0.9985632921134999	0.9911343151258435	0.9909649079019618
IRX5	0.999947679589808	0.9997434450202678	0.966408905087918	0.9987520591024809
IRX6	3.327578088212213e-2	3.037610960028736e-2	5.122395705068217e-2	2.4409723955473472e-2
ISL1	1.5225239365876608e-2	4.530760942069889e-2	1.1279121312121387e-2	1.0382868267358902e-2
ISL2	0.8622403599644222	0.8884498948124583	0.49106043441855884	0.19482853292068092
ISX	0.17909276408727048	0.3347016265585715	0.28237206324188546	0.5851844456646533
JDP2	7.1678961963062005e-3	4.053568679768027e-3	1.6697039846328088e-2	1.722158438576349e-2
JRKL	0.26610160623659285	1.0	0.9961089494163424	1.0
JUN	0.0	0.0	0.0	0.0
JUNB	0.0	0.0	0.0	0.0
JUND	0.0	0.0	0.0	0.0
KDM2A	9.140375660545175e-2	1.4315767869054308e-2	1.2707481652957653e-2	0.1439624619378026
KDM2B	3.992047297650814e-2	0.13351121145261424	0.9999507461951436	1.0482703539160365e-2
KLF1	0.0	0.0	0.0	0.0
KLF10	0.0	0.0	0.0	0.0
KLF11	1.4126510751844013e-3	2.1550618297501156e-3	9.604491947002858e-3	4.492587231068601e-4
KLF12	0.0	0.0	0.0	0.0
KLF13	0.0	0.0	0.0	0.0
KLF14	0.0	0.0	0.0	0.0
KLF15	0.0	0.0	0.0	0.0
KLF16	1.5696123057606925e-4	0.0	0.0	0.0
KLF17	3.034583791136969e-3	9.543845246036242e-3	6.353740826478882e-3	5.640692856786256e-3
KLF2	0.0	0.0	0.0	0.0
KLF3	0.0	0.0	0.0	0.0
KLF4	0.0	0.0	0.0	0.0
KLF5	0.0	0.0	0.0	0.0
KLF6	0.0	0.0	0.0	0.0
KLF7	0.0	0.0	0.0	0.0
KLF8	3.6101083032491488e-3	9.543845246036242e-3	5.713441363345284e-3	4.941845954175572e-3
KLF9	0.0	0.0	0.0	0.0
KMT2A	0.0	0.0	0.0	0.0
LBX1	1.0	1.0	0.9998522385854307	1.0
LBX2	1.778893946528537e-2	2.77592488070193e-2	2.827168398758806e-2	2.7504617381320817e-2
LCOR	1.6219327159524566e-3	6.978295448714644e-3	5.614933753632423e-3	3.8935756002596023e-3
LCORL	0.2620206142416156	1.6316896710965145e-2	6.895532679899508e-3	6.589127938900763e-3
LEF1	0.0	0.0	0.0	0.0
LHX1	0.9998430387694239	0.99928164605675	0.9998029847805743	0.9992512354614885
LHX2	9.88332548527181e-2	0.26491867207142494	0.17357040831404225	0.45275295761992707
LHX3	0.970334327421127	0.9746010570065164	0.9956164113677781	0.7925423051964259
LHX4	0.1212787108250929	7.542716404125405e-3	0.2024823917647638	0.37368342235311736
LHX5	0.6126720033485062	0.9043563035558521	0.778259370536374	0.9435431537962362
LHX6	6.121487992465813e-3	2.6784339884037167e-2	1.5170171895778961e-2	2.505865322218337e-2
LHX8	1.6219327159524566e-3	5.02847760275027e-3	4.137319607939727e-3	3.8436579643588153e-3
LHX9	0.1937947993512269	0.19277541177074242	0.22272570556075455	0.2954125692607198
LIN28A	0.9666718987076859	0.1563446046487762	0.9971432793183274	0.9995507412768931
LIN28B	0.14204991367132314	0.2773872440864077	0.13805841501255967	0.17081815005241352
LIN54	0.0	0.0	8.323893020735884e-3	0.0
LMX1A	0.4682153508083503	0.7904458925547745	0.7625966605920307	0.8865871312334648
LMX1B	8.31894522053056e-3	2.2063728256965454e-2	3.383736393636405e-2	1.9967054360305547e-2
LTF	0.20310783236540575	6.075221920057472e-2	1.7534354528887408e-2	3.299555733040482e-2
LYL1	6.121487992465813e-3	0.0	1.0146283800423594e-2	1.2279738431587917e-2
MAF	0.0	0.0	0.0	0.0
MAFA	2.563700099408761e-3	1.06213761609113e-2	5.762695168201715e-3	5.341187041381756e-3
MAFB	1.8102861926437508e-2	4.412745651393046e-3	4.9253804856430605e-5	0.16417910447761197
MAFF	0.0	0.0	0.0	0.0
MAFG	0.0	0.0	0.0	6.688963210702337e-3
MAFK	2.3020980484487197e-3	3.1607573503001696e-2	0.0	0.0
MAX	0.0	0.0	0.0	0.0
MAZ	0.0	0.0	0.0	0.0
MBD2	0.0	0.0	0.0	0.0
MBNL2	2.3020980484487197e-3	0.0	0.0	0.0
MECOM	0.31627687961073614	0.3611781004669301	0.15805545978426838	6.90360904507562e-2
MECP2	0.0	1.385396890553614e-3	0.0	0.0
MEF2A	0.0	0.0	0.0	0.0
MEF2B	2.2497776382567336e-3	7.953204371696887e-3	7.338816923607383e-3	0.0
MEF2C	0.0	0.0	0.0	0.0
MEF2D	0.0	0.0	0.0	0.0
MEIS1	3.87171035420919e-3	1.06213761609113e-2	8.91493867901294e-3	8.685668646732925e-3
MEIS2	1.0411761628211114e-2	2.9965621632715878e-2	4.186573412796135e-2	2.381071232466425e-2
MEIS3	0.8138963009469994	0.4804248550464365	0.8319460178298774	0.6447861029301653
MEOX1	0.13859676659865017	1.539329878392781e-4	0.0	8.485998103129888e-3
MEOX2	0.3603829854026056	0.8369849658781877	0.819977343249766	0.8061698197973344
MESP1	0.0	0.49735748370875876	0.3531990346254248	0.6182299206309589
MESP2	1.0	0.9987685360972857	0.9998029847805743	0.9893675435531373
MGA	0.0	0.0	0.0	0.0
MITF	0.2782399414011406	0.33270049771666066	0.1169777865340097	0.15709080017970345
MIXL1	1.993407628315802e-2	1.0	0.19351819928089442	2.0116807268007797e-2
MLX	0.0	0.0	0.0	0.0
MLXIP	3.4531470726730795e-3	1.3289547950125713e-2	0.0	0.0
MLXIPL	0.12059854549259663	0.32992970393555343	0.0	0.0
MNT	0.16815779835713907	1.0	0.6515785844456484	1.4825537862526827e-2
MNX1	0.5625490503845549	0.896505721176048	0.7068906072994139	0.9660560075874807
MSANTD3	1.6219327159524566e-3	5.88537123505567e-2	0.9962567108309117	0.9279189337592971
MSC	0.447234866321352	0.8517112217148135	7.816578830714671e-2	4.632356611590871e-2
MSGN1	0.999947679589808	0.9999486890040535	0.9999507461951436	0.9144910897019917
MSX1	0.8844765342960289	0.9934321925188568	0.9634536767965325	0.9793340987370838
MSX2	0.9548474860042903	0.9904048437580173	0.6431561838151998	0.0
MTERF1	0.9821587401245225	2.816973677459078e-2	2.388809535536618e-2	1.0
MTF1	0.0	0.0	0.0	0.0
MTF2	0.0	0.0	0.0	0.0
MXD1	0.0	0.0	0.0	0.0
MXI1	0.0	9.851711221714798e-3	5.467172339063242e-3	0.0
MYB	0.0	5.387654574375289e-3	3.349258730236948e-3	1.7471172565267645e-3
MYBL1	0.6362685083451054	1.1493663092000617e-2	0.7605772545929173	1.7271502021664276e-2
MYBL2	0.0	0.0	2.46269024282153e-4	0.11471072729995513
MYC	0.0	0.0	0.0	0.0
MYCN	8.057343169570408e-3	2.2628149212376214e-2	1.0294045214992886e-2	7.7871512005190935e-3
MYF5	0.28326270077957416	0.6299450972343373	0.26710338373639364	0.2347626416412919
MYF6	1.334170459896411e-2	3.212068346246599e-2	1.595823277348174e-2	4.0832626166824704e-2
MYNN	0.0	0.0	0.0	0.0
MYOD1	2.563700099408761e-3	8.671558314946926e-3	5.1716495099246584e-3	5.74052812858783e-3
MYOG	3.034583791136969e-3	1.1596285083893432e-2	5.762695168201715e-3	6.688963210702337e-3
MYPOP	0.999947679589808	1.0	0.9962567108309117	0.9999001647281984
MYRF	0.2353895254538796	0.2668684899173893	2.2459735014529913e-2	2.8403134827534537e-2
MYT1L	0.20677026107884688	7.850582379803961e-3	5.3588139683790614e-2	6.33953975939705e-3
MZF1	0.0	0.0	0.0	0.0
NAIF1	0.713964317480249	0.2141720970804043	0.9590700881643107	1.0
NANOG	0.0	0.0	0.0	0.0
NANOGP8	0.996913095798671	0.9997434450202678	1.0	1.0
NEUROD1	3.662428713441135e-3	1.5906408743393663e-2	7.535832143032994e-3	6.33953975939705e-3
NEUROD2	0.9975932611311673	0.9481758940941044	1.0	0.9887186142864274
NEUROD4	1.0	1.0	1.0	0.9999001647281984
NEUROD6	1.0	1.0	1.0	1.0
NEUROG1	1.0	1.0	1.0	1.0
NEUROG2	1.0	1.0	0.9999507461951436	0.9990016472819847
NEUROG3	1.0	1.0	1.0	1.0
NFAT5	0.0	0.0	0.0	0.0
NFATC1	0.0	0.0	0.0	0.0
NFATC2	0.0	0.0	0.0	0.0
NFATC3	4.1856328153611067e-4	0.0	1.9208983894005716e-3	0.0
NFATC4	9.940877936482906e-4	6.670429473035755e-4	9.850760971286121e-5	1.4476114411221541e-3
NFE2	4.185632815361218e-3	1.6316896710965145e-2	1.152539033640354e-2	1.3527679329106923e-2
NFE2L1	0.0	0.0	1.1180613702408526e-2	0.0
NFE2L2	0.0	0.0	0.0	0.0
NFE2L3	1.794590069586144e-2	5.02847760275027e-3	9.850760971286121e-5	9.484350821145071e-3
NFE4	1.255689844608332e-3	3.3352147365179885e-3	1.8223907796877103e-3	4.99176359007647e-4
NFIA	1.5696123057604705e-3	5.02847760275027e-3	3.3000049253805175e-3	1.0
NFIB	0.3011562810652435	0.9181076504694956	0.8507609712850318	2.6306594119702487e-2
NFIC	0.0	4.10487967571449e-3	0.0	4.991763590076359e-3
NFIL3	0.9591900800502275	0.966699163630766	4.979559670984579e-2	0.9399490840113812
NFIX	0.12896981112331918	0.7452409051259685	0.6645815889277447	0.9645085608745569
NFKB1	0.0	0.0	0.0	0.0
NFKB2	0.0	1.1442352096054154e-2	4.9253804856430605e-5	0.0
NFYA	0.0	0.0	0.0	0.0
NFYB	0.0	0.0	0.0	0.0
NFYC	0.0	0.0	0.0	0.0
NHLH1	4.551875686705342e-3	1.4007901893375752e-2	1.0195537605280025e-2	8.336245195427527e-3
NHLH2	3.4531470726730795e-3	1.098055313253632e-2	6.353740826478882e-3	5.990116308091653e-3
NKX1-1	0.9975932611311673	0.9998460670121607	0.9999507461951436	1.0
NKX1-2	0.999947679589808	0.9998460670121607	0.9988671624883022	0.9999500823640992
NKX2-1	3.5054674828650656e-3	1.098055313253632e-2	6.846278875043077e-3	8.036739380022917e-3
NKX2-2	2.7206613299848303e-3	1.2725126994714953e-2	8.422400630448745e-3	6.18978685169469e-3
NKX2-3	0.40349500340082667	0.8732105290163682	6.0877702802541456e-2	0.10672390555583289
NKX2-4	0.9979595040025114	1.0	0.9935970053686647	0.9996505765486946
NKX2-5	1.0464082038402767e-3	3.3865257324644515e-3	4.9253804856430605e-5	1.5973643488244038e-3
NKX2-6	1.0	1.0	0.9998029847805743	1.0
NKX2-8	1.1353529011667418e-2	3.730309405305554e-2	1.674629365118452e-2	1.6822243298557416e-2
NKX3-1	3.924030764401176e-3	1.7035250654215184e-2	1.0146283800423594e-2	0.0
NKX3-2	2.3544184586407058e-3	8.517625327107647e-3	5.861202777914576e-3	3.8935756002596023e-3
NKX6-1	0.3896300946999425	0.6827954230591615	0.42210510761956366	0.544052313682424
NKX6-2	0.13059174383927175	0.1182205346605778	0.13697483130571841	9.69400489192832e-2
NKX6-3	1.0	0.9998460670121607	0.9440969314879575	1.0
NOBOX	0.9329252341338357	0.8289804505105445	0.8020982120868837	0.9887186142864274
NOTO	0.3665567938052634	0.33105854584637484	0.3512288824311678	1.5025208406129864e-2
NPAS2	0.1164652330874274	1.0	0.9996059695611486	0.9974042829331603
NR0B1	0.20310783236540575	0.7720252450100056	0.4107274786977294	0.48390156242200366
NR1D1	0.0	0.0	0.0	0.0
NR1D2	5.389002249777675e-3	0.8475037200472061	5.516426143919673e-3	2.3461288873358743e-3
NR1H2	0.0	7.696649391964683e-3	0.0	0.0
NR1H3	1.6219327159524566e-3	1.2212017035250655e-2	0.0	2.7454699745420585e-3
NR1H4	3.924030764401176e-3	2.237159423264401e-2	1.684480126089738e-2	9.584186092946645e-3
NR1I2	4.185632815361273e-2	9.605418441171942e-2	3.930453627542729e-2	3.184745170468728e-2
NR1I3	0.34238476429655207	0.39735235260916413	5.023888095355367e-3	0.1751110667398792
NR2C1	0.0	2.237159423264401e-2	0.0	0.0
NR2C2	0.0	0.0	0.0	0.0
NR2E1	5.232041019201605e-3	2.3243881163733437e-2	1.5613456139486726e-2	1.2179903159786343e-2
NR2E3	1.0464082038402767e-3	3.848324695982397e-3	1.4776141456928071e-3	4.9917635900786905e-5
NR2F1	3.924030764401176e-3	1.4007901893375752e-2	6.353740826478882e-3	6.33953975939705e-3
NR2F2	1.5172918955684622e-2	0.14485094155677558	1.7140324090035963e-2	1.8519442919183393e-2
NR2F6	0.0	0.0	4.482096241934741e-3	0.0
NR3C1	0.0	0.0	0.0	0.0
NR3C2	9.203160152775602e-2	0.9994868900405357	7.855981874599816e-2	4.013377926421402e-2
NR4A1	0.0	0.0	0.0	0.0
NR4A2	0.0	0.0	0.0	0.0
NR4A3	1.0987286140323738e-3	0.0	0.0	0.0
NR5A1	6.82781353005808e-2	0.29996408230283755	0.10850613209870463	0.22298207956871163
NR5A2	0.0	5.1310995946463045e-5	9.850760971286121e-5	4.392751959267249e-3
NR6A1	3.3485062522889963e-3	9.235979270357642e-2	0.0	4.991763590076359e-3
NRF1	0.0	0.0	0.0	0.0
NRL	0.15779835713911994	0.27933706193237207	0.20568388908043145	2.8952228822443082e-3
OLIG1	1.0	1.0	1.0	1.0
OLIG2	0.6440119290535238	0.981681974447124	0.45746933950647684	0.4825537862526831
OLIG3	0.9291058441898185	0.9989224690851249	0.9332118406146874	0.8150052413517695
ONECUT1	0.34254172552712814	0.9874288059931243	0.7946608875535635	0.5074127689312634
ONECUT2	0.999790718359232	0.9997947560162143	1.0	1.0
ONECUT3	0.49327682729032596	0.9984606701216071	3.723587647145743e-2	0.7920431288374182
OSR1	0.999790718359232	0.9999486890040535	0.9999507461951436	0.9994509060050916
OSR2	0.0	1.5752475755554385e-2	1.5711963749199587e-2	9.883691908351255e-3
OTP	0.9981164652330874	0.9995382010364822	0.9998029847805743	1.0
OTX1	0.8924292366452153	0.9307814664682641	0.9778850416194651	0.9606149852742975
OTX2	0.999947679589808	1.0	0.9999507461951436	1.0
OVOL1	0.5288547062208968	0.9973318282107856	0.961434270797419	0.9736934058802975
OVOL2	1.0	1.0	1.0	1.0
PATZ1	0.0	0.0	0.0	0.0
PAX1	0.9890650342698687	0.9905587767458567	0.9761119046446338	0.9986522238306794
PAX2	5.7029247109297354e-2	5.567243060187799e-2	2.2903019258237678e-2	1.662257275495438e-2
PAX3	0.49134097211322136	0.5541074452255118	0.1567748608580013	0.39729446413417857
PAX4	4.185632815361218e-3	1.0929242136589856e-2	8.570162045017926e-3	9.184845005740572e-3
PAX5	9.940877936482906e-4	0.0	0.0	0.0
PAX6	1.0464082038402767e-3	2.41161680948232e-3	0.0	0.0
PAX7	5.179720609009619e-3	2.0575709374518913e-2	1.0146283800423594e-2	7.737233564618418e-3
PAX8	3.191545021712927e-3	9.323207963466573e-2	5.8217997340294536e-2	4.282933160285529e-2
PAX9	0.9895359179615968	0.999640823028375	0.9902477466384279	0.9998502470922978
PBX1	1.935855177104595e-3	5.285032582482474e-3	3.2014973156676563e-3	3.7438226925572415e-3
PBX2	1.883534766912609e-3	5.1310995946463045e-5	0.0	0.0
PBX3	0.0	0.0	9.850760971286121e-5	0.0
PBX4	2.0404959974885672e-3	1.3956590897429288e-2	0.0	6.988469026106836e-4
PDX1	3.4531470726730795e-3	1.231463902714347e-2	8.619415849874357e-3	7.83706883641988e-3
PGR	3.976351174593162e-3	1.2263328031197118e-2	8.81643106930008e-3	7.7871512005190935e-3
PHF1	1.4126510751844013e-3	1.0723998152804115e-2	1.871644584544141e-3	6.389457395297726e-3
PHOX2A	0.9000156961230577	0.8829083072502437	0.5126336009456731	0.9864723206708931
PHOX2B	2.2497776382567336e-3	1.1237108112268412e-2	7.191055509038091e-3	6.738880846603124e-3
PITX1	0.34735520326479363	0.9884037149161066	0.8487415652859184	0.8626266660010982
PITX2	6.74933291477009e-3	3.4378367284109035e-2	2.743436930502885e-2	1.3527679329106923e-2
PITX3	2.568932140427982e-2	0.32654317820308887	0.25823769886223713	0.2614186592122997
PKNOX1	1.831214356720512e-3	1.1237108112268412e-2	0.0	8.336245195427527e-3
PKNOX2	0.9499293674462408	0.6275847914208015	0.9672462197704773	0.879149403484251
PLAG1	0.0	0.0	6.895532679899175e-4	0.0
PLAGL1	0.0	6.157319513571757e-2	1.7238831699748824e-2	0.0
PLAGL2	0.0	8.964030991841554e-2	0.0	0.0
POGK	0.0	0.0	1.0294045214992886e-2	0.0
POU1F1	2.2497776382567336e-3	7.850582379803961e-3	6.698517460473785e-3	6.33953975939705e-3
POU2AF1	0.0	0.0	0.0	0.0
POU2F1	0.0	0.0	0.0	0.0
POU2F2	0.0	0.0	2.0686598039698634e-3	0.0
POU2F3	6.74933291477009e-3	2.4475345066447773e-2	5.260306358666211e-2	2.3960465232366612e-2
POU3F1	0.0	6.465185489250347e-3	5.762695168201715e-3	4.2929166874656755e-3
POU3F2	1.883534766912609e-3	5.849453537893123e-3	4.629857656503922e-3	3.943493236160389e-3
POU3F3	0.0	0.0	0.0	0.0
POU3F4	1.4649714853764984e-3	4.7206116270717136e-3	4.629857656503922e-3	3.594069784854992e-3
POU4F1	7.74342070841838e-3	1.6316896710965145e-2	1.6450770822046046e-2	8.535915739030564e-3
POU4F2	4.499555276513356e-3	1.4469700856893586e-2	1.4628380042358224e-2	1.0732291718664189e-2
POU4F3	4.6565165070894254e-3	1.3700035917697195e-2	9.555238142146427e-3	9.484350821145071e-3
POU5F1	0.0	5.336343578428826e-3	0.0	0.0
POU5F1B	3.034583791136969e-3	1.3443480937964991e-2	9.505984337290108e-3	9.184845005740572e-3
POU6F1	1.1667451472819557e-2	0.15126481605007958	3.0537359010983645e-3	2.505865322218337e-2
POU6F2	0.9462669387327997	0.0	7.97911638674087e-3	0.571507013427844
PPARA	9.940877936482906e-4	0.0	0.0	2.6456347027404847e-3
PPARD	0.0	5.084919698291346e-2	0.0	0.0
PPARG	5.3366818395855775e-3	1.4264456873107956e-2	1.763286213860016e-2	0.0
PRDM1	0.0	0.0	0.0	0.0
PRDM12	1.0	0.9986659141053927	0.9998522385854307	1.0
PRDM14	0.2501962015382201	6.285597003437837e-2	0.3656602472541004	0.6006089951579894
PRDM15	1.831214356720512e-3	0.0	1.625375560261988e-3	2.141466580142759e-2
PRDM16	5.232041019198608e-5	0.0	0.0	0.0
PRDM4	1.0987286140323738e-3	1.0775309148750578e-2	0.0	0.0
PRDM5	4.44723486632137e-3	1.677869567448309e-2	3.3000049253805175e-3	8.7355862826336e-3
PRDM6	0.0	0.0	0.0	0.0
PRDM9	0.0	0.0	0.0	0.0
PROP1	1.5853084288180774e-2	7.260505926420036e-2	3.900901344628871e-2	2.1015324714221517e-2
PROX1	0.9414011405849422	0.5274257273333676	0.4290498941043196	0.4961813008535916
PROX2	1.0	0.989532556826928	0.9996059695611486	0.9988019767383817
PRRX1	0.0	3.3865257324644515e-3	7.388070728463481e-4	4.492587231068601e-4
PRRX2	6.121487992465813e-3	1.585509774744731e-2	1.0195537605280025e-2	1.0432785903259578e-2
PTF1A	3.191545021712927e-3	8.722869310893278e-3	6.1567256070531595e-3	6.688963210702337e-3
PURA	0.0	0.0	0.0	0.0
RARA	9.940877936482906e-4	0.0	0.0	0.0
RARB	1.2504578035891778e-2	2.888809071784082e-2	1.8864207260010812e-2	1.6223231667748195e-2
RARG	7.7957411186103664e-3	0.0	1.3397034920947681e-2	1.1131632805870262e-2
RAX	0.8313189975409407	0.7942942172507568	0.770969807417623	0.9909649079019618
RAX2	0.9995814367184639	0.9997947560162143	0.9984731320494509	1.0
RBAK	1.0987286140323738e-3	0.0	0.0	0.0
RBPJ	0.0	0.0	0.0	0.0
RBPJL	8.868309527546692e-2	0.6353327518087126	2.649854701275678e-2	6.738880846603101e-2
REL	0.0	0.0	0.0	0.0
RELA	0.0	0.0	0.0	0.0
RELB	0.0	0.0	1.2855243067526945e-2	0.0
REST	0.0	0.0	0.0	0.0
RFX1	0.0	0.0	0.0	8.685668646732925e-3
RFX2	1.9410872181237937e-2	6.655036174252138e-2	3.102989705954795e-3	3.7937403284580284e-3
RFX3	0.0	0.0	0.0	0.0
RFX4	0.6523308742740543	0.9384268048642824	0.39540954538738116	0.5204412719013627
RFX5	0.0	0.0	0.0	0.0
RFX6	5.509339193219276e-2	0.11657858279029198	0.2668571147121115	0.37398292816852197
RFX7	1.6219327159524566e-3	3.3865257324644515e-3	0.0	3.8935756002596023e-3
RFX8	0.907916078062052	0.9961516753040176	0.9786731024971679	0.9128438077172665
RHOXF1	0.9885941505781405	0.9766534968443737	0.9943850662463676	0.9997004941845954
RHOXF2	0.999947679589808	1.0	1.0	1.0
RHOXF2B	0.999947679589808	1.0	1.0	1.0
RORA	0.0	0.0	0.0	0.0
RORB	1.0	1.0	0.9997537309757178	1.0
RORC	1.831214356720512e-3	0.0	0.0	2.0915489442420054e-2
RREB1	0.0	5.849453537893123e-3	0.0	0.0
RUNX1	0.0	0.0	0.0	0.0
RUNX2	3.5054674828650656e-3	0.0	6.1567256070531595e-3	6.18978685169469e-3
RUNX3	8.371265630722213e-4	0.0	0.0	0.0
RXRA	3.139224611521385e-4	1.1493663092000617e-2	9.505984337290108e-3	0.0
RXRB	0.0	1.5598542767715107e-2	1.1673151750972721e-2	0.0
RXRG	2.3544184586407058e-3	9.851711221714798e-3	6.600009850760924e-3	5.690610492687043e-3
SALL1	0.9727410662899597	0.6971111909282159	0.24331379599074032	0.39355064144162133
SALL2	0.0	0.0	0.0	0.0
SALL4	1.6219327159524566e-3	5.02847760275027e-3	4.43284243707831e-3	3.8436579643588153e-3
SATB1	0.0	0.0	0.0	0.0
SATB2	1.0	1.0	0.9997537309757178	0.9996006589127939
SCRT1	0.3655627060116151	0.42357227153779053	5.230754075752353e-2	0.1267408775520391
SCRT2	6.430178412598753e-2	0.4424034070501308	0.3281288479535044	0.46358508461039283
SEBOX	0.986919897451996	0.9976910051824106	0.9998029847805743	0.9990016472819847
SETDB1	0.0	0.0	0.0	0.0
SHOX	1.6742531261445537e-3	0.8468366770999025	9.949268580997872e-3	2.7105276294114744e-2
SHOX2	0.9995814367184639	0.9997947560162143	0.9987686548785893	1.0
SIX1	4.7088369172814115e-3	1.770229360151876e-2	8.668669654730787e-3	7.737233564618418e-3
SIX2	3.8926385182859846e-2	9.856842321309456e-2	0.16583756095158353	1.9817301452603187e-2
SIX3	0.6802699733165908	0.9989224690851249	0.9804954932768556	0.8474017870513653
SIX4	2.0928164076806643e-3	0.1674790907691518	1.1673151750972721e-2	7.073329007138218e-2
SIX5	1.6742531261445537e-3	0.0	2.9552282913855032e-3	2.545799430938911e-3
SIX6	0.9123633129283734	0.9687002924726769	0.8398266266069054	0.5244846004093247
SKOR1	0.8492648982368022	0.9019446867463697	0.9994582081465794	0.808565866320571
SKOR2	0.8544969392560038	0.9631073939145158	0.9998029847805743	0.9740428293316028
SMAD1	0.0	0.0	5.31941092449395e-3	0.0
SMAD3	0.0	0.0	0.0	0.0
SMAD4	0.0	0.0	0.0	0.0
SMAD5	0.0	0.0	0.0	3.8935756002596023e-3
SMAD9	1.0	1.0	1.0	0.9541256926071982
SNAI1	4.0286715847852594e-3	0.0	1.0146283800423594e-2	0.0
SNAI2	1.935855177104595e-3	6.157319513571791e-3	4.38358863222188e-3	4.392751959267249e-3
SNAI3	0.0	9.543845246036242e-3	0.4959365610993449	0.7973843158788
SOHLH2	0.5453879558415737	0.9246754579506389	0.3335467664877112	0.428692657115759
SOX1	0.7441008737508502	0.7880855867412386	0.2234645126336009	0.879149403484251
SOX10	2.2497776382567336e-3	9.543845246036242e-3	5.073141900211797e-3	4.7920930464733225e-3
SOX11	8.161983989954491e-3	2.4834522038072793e-2	1.3791065359799015e-2	1.0482703539160365e-2
SOX12	1.0	0.992149417620196	0.9754223513766438	3.1198522437977383e-2
SOX13	0.9916287343692775	0.9999486890040535	0.9997044771708614	3.5840862576748345e-2
SOX14	1.0778004499555238e-2	1.9139001488018836e-2	1.3446288725804112e-2	1.1231468077671836e-2
SOX15	0.0	1.0108266201447003e-2	7.338816923607383e-3	6.738880846603124e-3
SOX17	0.0	0.0	0.0	0.0
SOX18	4.750693245435045e-2	4.684693929909178e-2	2.91582524750037e-2	1.6372984575450555e-2
SOX2	1.0987286140323738e-3	3.3865257324644515e-3	7.388070728463481e-4	4.492587231068601e-4
SOX21	2.281169884371892e-2	0.33808815229103595	9.505984337290052e-2	4.99176359007637e-2
SOX3	4.6565165070894254e-3	2.5860741957001387e-2	1.147613653154711e-2	7.7871512005190935e-3
SOX30	0.7938575838434574	0.9962542972959105	0.9514357484115648	0.8803474267458693
SOX4	0.0	0.0	0.0	0.0
SOX5	0.9201590540469837	9.641336138334444e-2	0.9655223366005024	0.4225527878999651
SOX6	7.115575786114214e-3	1.749704961773313e-2	3.373885632665119e-2	1.3178255877801637e-2
SOX7	0.24946371579553184	0.9728564831443378	0.6253755602620302	1.342784405730546e-2
SOX8	5.389002249777675e-3	3.78675150084663e-2	1.5170171895778961e-2	1.3627514600908497e-2
SOX9	2.3544184586407058e-3	7.542716404125405e-3	5.861202777914576e-3	5.59077522088558e-3
SP1	0.0	0.0	0.0	0.0
SP2	0.0	0.0	0.0	0.0
SP3	0.0	0.0	0.0	0.0
SP4	0.0	0.0	0.0	0.0
SP5	9.051430963218698e-3	2.1396685309661878e-2	1.2510466433532041e-2	1.267907951879399e-2
SP6	1.0411761628211114e-2	4.977166606803807e-3	1.4431364822932613e-2	1.417660859581693e-2
SP7	1.6219327159524566e-3	4.771922623018066e-3	3.1522435108112257e-3	3.8935756002596023e-3
SP8	1.255689844608332e-3	2.1550618297501156e-3	2.1671674136827246e-3	2.2462936155344115e-3
SP9	1.3603306649924152e-3	2.9760377648929692e-3	2.3149288282520164e-3	2.7454699745420585e-3
SPDEF	3.5054674828650656e-3	1.6316896710965145e-2	9.505984337290108e-3	8.535915739030564e-3
SPI1	1.6219327159524566e-3	0.0	3.2014973156676563e-3	3.8436579643588153e-3
SPIB	0.0	0.0	0.0	0.0
SPIC	1.0254800397635155e-2	5.1362306942377756e-2	2.6104516573905334e-2	4.557480157739724e-2
SPZ1	7.74342070841838e-3	1.9087690492072484e-2	1.9307491503718688e-2	1.208006788798488e-2
SREBF1	0.0	0.0	0.0	0.0
SREBF2	0.0	0.0	0.0	0.0
SRF	0.0	0.0	0.0	0.0
SRY	2.6683409197928443e-3	6.157319513571791e-3	6.944786484755938e-3	5.14151649777872e-3
ST18	0.18181342541725531	0.5493355226024937	5.1026941831256445e-2	0.0
STAT1	0.0	0.0	0.0	0.0
STAT2	0.0	0.0	0.0	0.0
STAT3	0.0	0.0	0.0	0.0
STAT4	0.0	0.0	0.0	0.0
STAT5A	0.0	0.0	0.0	0.0
STAT5B	0.0	0.0	0.0	0.0
STAT6	0.0	0.0	0.0	0.0
T	0.9995814367184639	0.8960439222125302	0.9904940156627099	0.983527180152748
TAL1	2.0928164076806643e-3	9.543845246036242e-3	5.467172339063242e-3	5.540857584984793e-3
TAL2	0.6231884057971014	0.5108522756426702	0.5815889277446682	0.6668496979983027
TBP	0.0	0.0	8.86568487415651e-3	0.0
TBPL2	0.1436195259770836	0.25491302786187076	0.18573609811357927	0.43338491489043074
TBR1	0.9955527651336786	0.24890964133613835	0.9979313401960301	0.0
TBX1	4.149008528226861e-2	2.1499307301554693e-2	0.20849135595724766	5.600758748065693e-2
TBX10	0.9996860775388479	0.6059315511314074	0.9846820666896517	0.7475165976139371
TBX15	0.3910427457751269	0.18441171943147416	0.2121361375166232	0.33899066540208656
TBX18	0.43609061895045254	8.651033916568318e-2	0.16623159139043486	0.1323316527729247
TBX19	0.4567571809762988	0.0	0.7411712554794858	3.594069784854992e-3
TBX2	9.899021608329406e-2	2.421879008671557e-2	2.5119440476776833e-2	1.222982079568713e-2
TBX20	3.714749123633121e-3	9.287290266304038e-3	8.520908240161607e-3	7.637398292816844e-3
TBX21	1.935855177104595e-3	2.2063728256965454e-2	1.2608974043244792e-2	1.1830479708481056e-2
TBX22	1.0	1.0	1.0	1.0
TBX3	4.7088369172814115e-3	1.3289547950125713e-2	1.1968674580111305e-2	8.036739380022917e-3
TBX4	0.7142782399414012	0.408640771717379	0.543909767029503	0.20151749613138326
TBX5	1.0987286140323294e-2	2.7656626815126484e-2	2.2459735014529913e-2	1.32780911496031e-2
TBX6	0.9953434834929106	0.8693108933244394	0.8404669260700389	1.312833824190085e-2
TCF12	0.0	0.0	0.0	0.0
TCF21	0.33914089886464704	0.6375904356303557	6.289710880165489e-2	6.793790246093945e-2
TCF3	0.0	0.0	0.0	0.0
TCF4	5.232041019198608e-5	0.0	0.0	0.0
TCF7	0.0	0.0	0.0	0.0
TCF7L1	1.5696123057604705e-3	6.0033865257325125e-3	4.137319607939727e-3	2.495881795038235e-3
TCF7L2	1.935855177104595e-3	0.0	6.353740826478882e-3	3.8436579643588153e-3
TCFL5	8.214304400146477e-3	3.427574529221611e-2	0.0	3.594069784854992e-3
TEAD1	5.232041019201938e-4	2.308994817589405e-2	1.50716642860661e-2	1.0732291718664189e-2
TEAD2	0.5249829958666876	0.7827492431628098	0.5164753977244743	0.25697598961713175
TEAD3	0.993302987495422	0.9993842680486428	0.8997192533123184	2.445964159137426e-2
TEAD4	1.8155182336629494e-2	3.1607573503001696e-2	2.8961237255577976e-2	1.2030150252084093e-2
TEF	0.9951342018521425	0.9424803735440505	0.970693986110427	0.88104627364848
TERF2	7.366713755035836e-2	1.1339730104161339e-2	4.7431414076737455e-2	9.634103728847432e-3
TET1	0.3513838748495788	1.0	1.0	0.15135027205111562
TET3	0.7986710615811228	1.3289547950125713e-2	0.12929123774811602	7.986821744122241e-3
TFAP2A	0.0	0.0	0.0	0.0
TFAP2B	0.0	1.539329878392781e-4	4.9253804856430605e-5	0.0
TFAP2C	0.0	0.0	0.0	0.0
TFAP2D	4.133312405169232e-3	3.0324798604340897e-2	1.8371669211446617e-2	1.3527679329106923e-2
TFAP2E	1.6219327159524566e-3	7.491405408178942e-3	5.6641875584888535e-3	0.0
TFAP4	0.0	3.6430807121966557e-3	9.850760971286121e-5	0.0
TFCP2	0.0	0.0	0.0	0.0
TFCP2L1	0.12954533563543136	0.2914464569757299	0.11623897946116335	0.1368242400039934
TFDP1	0.0	0.0	0.0	0.0
TFDP2	0.0	0.0	0.0	0.0
TFDP3	1.9410872181237937e-2	4.961773308019912e-2	1.8273161601733756e-2	1.1830479708481056e-2
TFE3	5.232041019198608e-5	0.0	0.0	0.0
TFEB	8.135823784858476e-2	4.053568679768027e-3	0.0	0.0
TFEC	0.3866478313189975	0.0	3.8516475397724514e-2	8.151549942594716e-2
TGIF1	0.0	0.0	0.0	0.0
TGIF2	0.0	0.0	0.0	0.0
TGIF2LX	0.9987443101553917	0.9952280773769819	0.9934984977589518	0.9899665551839465
TGIF2LY	0.999947679589808	0.9993842680486428	0.999655223366005	0.9999001647281984
THAP1	1.988175587296581e-3	0.0	0.0	0.0
THAP11	0.0	0.0	0.0	0.0
THAP12	1.0	1.0	1.0	1.0
THRA	6.016847172081841e-3	2.1191441325876137e-2	0.0	0.0
THRB	9.417673834563045e-4	6.670429473035755e-4	1.9701521942572242e-4	0.0
TIGD1	0.999790718359232	1.0	0.9893119243461558	1.0
TIGD2	0.7869512896981112	0.9994868900405357	1.0	1.0
TIGD6	1.0	1.0	1.0	1.0
TLX2	8.978182388949929e-2	3.843193596387706e-2	3.659557700832394e-2	8.311286377477167e-2
TLX3	0.17171558625019623	7.824926881830774e-2	0.10018223907796875	0.47681325812409525
TOPORS	3.6101083032491488e-3	1.9703422443429597e-2	1.324927350637839e-2	1.148105625717566e-2
TP53	0.0	0.0	0.0	0.0
TP63	0.7143828807617851	0.5806352301298168	0.15002708959267108	0.3615534368292318
TP73	3.924030764401176e-3	1.2212017035250655e-2	8.422400630448745e-3	6.33953975939705e-3
TPRX1	0.9944540365196464	1.0	0.9998029847805743	1.0
TRPS1	8.371265630722213e-4	2.1550618297501156e-3	4.482096241934741e-3	1.0
TWIST1	3.0607439962329286e-2	4.269074862743083e-2	0.15953307392996108	2.8153546648030714e-2
TWIST2	0.9995814367184639	1.0	0.999655223366005	0.9996006589127939
UBP1	0.0	0.0	5.1716495099246584e-3	0.0
UNCX	6.419714330560355e-2	0.22407511929806556	4.600305373590108e-2	0.11211501023311532
USF1	0.0	0.0	0.0	0.0
USF2	0.0	6.111139617219974e-2	0.0	0.0
VAX1	0.6878564327944331	0.7087587870080558	0.46352755750381713	0.8779513802226326
VAX2	9.187464029717995e-2	0.1498281081635795	5.856277397428955e-2	0.15489442420006994
VDR	0.0	0.0	0.0	7.188139569709984e-3
VENTX	0.9390467221263015	1.7650982605572407e-2	1.3101512091809098e-2	0.9986522238306794
VEZF1	0.0	0.0	0.0	0.0
VSX1	1.6323967979908982e-2	2.4475345066447773e-2	2.3247795892232692e-2	2.4359806319572685e-2
VSX2	1.1510490242243487e-2	3.694391708143052e-2	2.2410481209673483e-2	3.4642839315130014e-2
WT1	0.0	0.0	0.0	0.0
XBP1	0.0	8.363692339268258e-3	0.0	0.0
XPA	0.0	0.0	0.0	0.0
YBX1	0.0	0.0	0.0	0.0
YBX2	0.9998953591796159	1.0	0.9234595872531153	0.9990016472819847
YBX3	1.0	1.0	0.9500566418755849	1.32780911496031e-2
YY1	0.0	0.0	0.0	0.0
YY2	3.034583791136969e-3	1.2981681974447157e-2	7.92986258188444e-3	5.540857584984793e-3
ZBED1	4.0286715847852594e-3	1.3853968905536473e-2	0.646209919716298	6.93855139020616e-3
ZBED6	0.0	0.0	0.0	0.0
ZBTB1	0.0	0.0	0.0	0.0
ZBTB11	0.0	0.0	1.3298527311235153e-3	0.0
ZBTB12	2.511379689216775e-3	7.491405408178942e-3	4.235827217652588e-3	5.341187041381756e-3
ZBTB14	0.0	2.7092205859715723e-2	0.0	0.0
ZBTB16	0.5413069638465966	4.10487967571449e-3	0.41717972713392104	0.7785154495083113
ZBTB17	0.0	0.0	0.0	0.0
ZBTB18	3.4531470726730795e-3	0.0	0.0	0.0
ZBTB2	0.0	0.0	5.31941092449395e-3	0.0
ZBTB20	0.0	4.925855610857455e-3	4.0388119982268655e-3	0.0
ZBTB22	1.0	1.0	0.25547948579027735	0.18554385264313877
ZBTB26	1.6219327159524566e-3	2.41161680948232e-3	9.850760971286121e-5	0.37657864523536166
ZBTB3	0.0	0.0	9.850760971286121e-5	3.758797983327511e-2
ZBTB32	0.2238790352116361	1.1391041100107802e-2	0.9999507461951436	1.0
ZBTB33	0.0	0.0	0.0	0.0
ZBTB37	0.0	0.0	0.0	0.0
ZBTB42	2.1451368178726504e-3	5.495407665862795e-2	2.841944540215735e-2	0.0
ZBTB43	7.848061528802353e-4	1.693262866232237e-2	0.0	0.0
ZBTB44	7.377177837074256e-3	5.7878803427574566e-2	6.353740826478882e-3	6.589127938900763e-3
ZBTB45	0.704023439543766	1.026219918928628e-2	8.323893020735884e-3	2.5158488493984943e-2
ZBTB48	0.0	0.0	0.0	0.0
ZBTB49	8.005022759378422e-3	6.0546975216788645e-3	1.068807565384422e-2	0.9990016472819847
ZBTB6	0.0	0.0	0.0	0.0
ZBTB7A	0.0	0.0	0.0	0.0
ZBTB7B	2.616020509600414e-4	0.0	0.0	0.0
ZBTB7C	2.8776225605608996e-3	1.0723998152804115e-2	7.338816923607383e-3	5.540857584984793e-3
ZEB1	0.0	0.0	0.0	0.0
ZEB2	8.774132789201072e-2	0.8661809225717071	5.122395705068217e-2	2.7654370289023067e-2
ZFHX2	1.0	1.0	1.0	1.0
ZFHX3	4.185632815361218e-3	0.0	0.6257203368960252	0.879149403484251
ZFHX4	0.9924135405221577	0.9998460670121607	0.9971432793183274	0.0
ZFP1	1.5696123057604705e-3	6.413874493303884e-3	0.9346402009555238	0.7987320920481206
ZFP14	0.0	0.0	0.0	0.0
ZFP28	2.7729817401768164e-3	8.312381343321906e-3	5.31941092449395e-3	6.838716118404586e-3
ZFP3	0.0	0.0	0.0	2.945140518145095e-3
ZFP41	3.714749123633121e-3	0.9991790240648571	0.936167068906073	2.6356511755603274e-2
ZFP42	0.0	5.59289855816103e-3	0.0	0.0
ZFP57	1.0987286140323738e-3	3.2839037405716365e-3	1.132837511697793e-3	1.048270353916081e-3
ZFP64	0.0	0.0	0.0	0.0
ZFP69	1.935855177104595e-3	3.294165939760896e-2	1.147613653154711e-2	0.0
ZFP69B	2.3125621304871058e-2	2.4372723074554847e-2	0.0	0.0
ZFP82	0.0	0.0	3.004482096241934e-3	0.0
ZFP90	0.0	0.0	0.0	0.0
ZFP92	0.999947679589808	0.9999486890040535	1.0	0.9990016472819847
ZFX	0.0	0.0	0.0	0.0
ZFY	2.6683409197928443e-3	1.005695520550054e-2	7.09254789932523e-3	5.59077522088558e-3
ZHX1	0.999790718359232	6.439529991277126e-2	0.6697039846328129	4.028353217191638e-2
ZIC1	1.6742531261445537e-3	5.9007645338395864e-3	2.511944047677628e-3	3.494234513053418e-3
ZIC2	3.87171035420919e-3	1.1493663092000617e-2	6.353740826478882e-3	7.437727749213807e-3
ZIC3	2.1451368178726504e-3	7.183539432500385e-3	3.004482096241934e-3	4.143163779763426e-3
ZIC4	4.44723486632137e-3	1.5906408743393663e-2	7.043294094468799e-3	7.138221933809197e-3
ZIC5	2.124208653795845e-2	0.10282723587664833	1.6155247992907462e-2	1.5773972944641335e-2
ZIK1	1.0464082038402767e-3	4.535892041664524e-2	3.940304388514004e-3	5.540857584984793e-3
ZIM3	6.016847172081841e-3	1.770229360151876e-2	8.668669654730787e-3	5.990116308091653e-3
ZKSCAN1	0.0	0.0	0.0	0.0
ZKSCAN2	1.5696123057604705e-3	2.237159423264401e-2	1.861793823572866e-2	9.983527180157381e-5
ZKSCAN3	1.6742531261445537e-3	4.002257683821675e-3	0.0	0.0
ZKSCAN5	0.0	1.5957719739340126e-2	0.0	0.0
ZKSCAN7	0.9603411290744519	0.8436040843552773	2.8074668768162336e-2	4.7421754105725356e-3
ZNF10	1.4126510751844013e-3	0.0	0.0	0.0
ZNF100	0.0	0.0	0.0	0.0
ZNF101	0.0	0.0	0.0	0.0
ZNF12	0.0	6.106008517625328e-3	5.762695168201715e-3	3.8436579643588153e-3
ZNF121	0.0	0.0	0.0	0.0
ZNF124	0.0	0.0	1.0786583263557081e-2	0.0
ZNF132	0.0	4.053568679768027e-3	2.8074668768162114e-3	0.0
ZNF134	0.0	9.323207963466573e-2	0.0	0.0
ZNF135	9.940877936482906e-4	4.77192262301811e-2	1.6500024626902476e-2	1.8170019467877996e-2
ZNF136	0.0	0.0	9.900014776141441e-3	0.0
ZNF140	0.0	0.0	0.0	0.0
ZNF141	0.0	2.1345374313715415e-2	0.0	0.0
ZNF143	0.0	0.0	0.0	0.0
ZNF146	0.0	0.0	0.0	0.0
ZNF148	0.0	0.0	0.0	0.0
ZNF154	3.4008266624809824e-3	4.207501667607416e-3	2.8862729645865115e-2	0.8808965207407777
ZNF157	2.364882540679114e-2	2.0011288419108264e-2	0.0	1.2179903159786343e-2
ZNF16	0.0	1.1083175124429134e-2	7.240309313894522e-3	7.138221933809197e-3
ZNF169	0.0	0.0	0.0	0.0
ZNF174	1.255689844608332e-3	4.823233618964529e-3	0.0	0.9986522238306794
ZNF175	0.2571548160937581	4.207501667607416e-3	0.39654238289907895	4.2929166874656755e-3
ZNF177	1.0	1.0	0.9995567157562921	0.9988019767383817
ZNF18	0.0	0.0	0.0	0.0
ZNF180	0.0	0.0	0.0	0.0
ZNF181	0.0	0.0	1.068807565384422e-2	9.484350821145071e-3
ZNF182	0.0	0.0	0.0	0.0
ZNF184	0.0	0.0	0.0	8.306294613887089e-2
ZNF189	3.976351174593162e-3	0.0	1.0195537605280025e-2	7.637398292816844e-3
ZNF19	2.6683409197928443e-3	0.12612242803632823	3.6004531350046776e-2	0.0
ZNF197	0.0	0.0	7.7821011673151474e-3	7.337892477412233e-3
ZNF2	0.0	0.0	1.162389794611629e-2	8.485998103129888e-3
ZNF200	0.0	0.0	0.0	0.0
ZNF202	0.0	0.0	0.0	0.0
ZNF205	1.0	1.0	1.0	1.0
ZNF211	0.9218856275833203	1.0	5.31941092449395e-3	1.2878750062397026e-2
ZNF213	5.232041019201605e-3	2.1345374313715415e-2	1.1229867507264957e-2	0.0
ZNF214	1.5957725108564857e-2	2.103750833803686e-2	1.2510466433532041e-2	1.1431138621274872e-2
ZNF217	3.034583791136969e-3	0.0	5.122395705068228e-3	9.983527180157381e-5
ZNF219	0.0	6.670429473036088e-3	0.0	0.0
ZNF22	0.0	0.0	0.0	0.0
ZNF222	0.7240621566473081	0.6116270716814614	0.8150027089592671	0.9642589726950531
ZNF223	1.255689844608332e-3	0.0	4.728365266216783e-3	2.291219487845053e-2
ZNF224	2.7729817401768164e-3	3.950946687875212e-3	2.216421218539155e-3	4.168122597713775e-2
ZNF23	0.0	0.0	5.713441363345284e-3	0.0
ZNF232	0.9369015853084288	1.0	1.0	1.252932661109174e-2
ZNF236	4.133312405169232e-3	5.59289855816103e-3	5.910456582770562e-4	8.485998103129888e-3
ZNF24	0.0	0.0	0.0	0.0
ZNF248	1.0516402448595197e-2	0.992149417620196	0.9372999064177707	3.8935756002596023e-3
ZNF250	1.6219327159524566e-3	2.9760377648929692e-3	0.0	0.0
ZNF254	1.0	1.0	1.0	1.0
ZNF257	1.993407628315802e-2	6.926984452768226e-2	3.472393242377969e-2	0.0
ZNF26	0.0	0.0	0.0	0.0
ZNF260	0.0	0.0	0.0	0.0
ZNF263	0.0	0.0	0.0	0.0
ZNF264	1.6219327159524566e-3	1.5957719739340126e-2	1.0589568044131359e-2	6.93855139020616e-3
ZNF266	0.0	1.3443480937964991e-2	0.0	2.7953876104427344e-3
ZNF267	0.0	0.0	0.0	0.0
ZNF273	5.232041019198608e-5	1.267381599876849e-2	4.895828202728658e-2	0.0
ZNF274	0.0	0.0	0.0	0.0
ZNF28	0.0	0.0	0.0	0.0
ZNF280A	0.7035525558520379	0.9038431935963878	0.8484460424567798	0.9829780861578395
ZNF281	0.0	0.0	0.0	0.0
ZNF282	0.0	0.0	0.0	0.0
ZNF283	0.0	1.539329878392781e-4	0.0	0.0
ZNF284	1.0	0.7664836574477911	0.7400876717726445	5.715569310637447e-2
ZNF285	1.0	1.0	1.0	1.0
ZNF296	0.999947679589808	0.0	3.3000049253805175e-3	1.8319772375580246e-2
ZNF3	0.0	0.0	0.26449293207900315	0.0
ZNF30	0.0	0.0	0.0	0.0
ZNF302	0.0	4.874544614910992e-3	7.388070728463481e-4	4.9917635900786905e-5
ZNF304	5.02275937843355e-3	1.4982810816357994e-2	1.0195537605280025e-2	9.184845005740572e-3
ZNF311	0.0	0.0	0.0	0.0
ZNF316	1.993407628315802e-2	5.218328287752061e-2	4.354036349307988e-2	2.7953876104427344e-3
ZNF317	0.0	0.0	0.0	0.0
ZNF32	1.5696123057604705e-3	7.696649391964683e-3	2.9552282913858363e-4	0.0
ZNF320	7.324857426882492e-4	2.3089948175893937e-3	4.9253804856430605e-5	0.0
ZNF322	0.0	0.0	0.0	3.594069784854992e-3
ZNF324	0.0	0.0	0.0	0.0
ZNF324B	7.115575786114214e-3	0.9678280055415875	0.9885238634684529	0.9975540358408626
ZNF329	0.0	0.0	0.0	0.0
ZNF331	0.0	0.0	0.0	0.0
ZNF333	0.0	0.0	0.0	0.0
ZNF335	0.0	0.0	0.0	0.0
ZNF337	3.714749123633121e-3	0.9999486890040535	1.4086588188937599e-2	0.0
ZNF33A	0.0	0.0	0.0	0.0
ZNF33B	3.714749123633121e-3	4.7206116270717136e-3	0.0	0.0
ZNF34	0.0	2.85289137462158e-2	2.0883613259124245e-2	0.0
ZNF341	0.0	0.0	0.0	0.0
ZNF343	2.2497776382567336e-3	0.0	5.861202777914576e-3	0.0
ZNF345	0.8041647046512845	1.287905998255423e-2	0.3241885435649904	0.0
ZNF35	0.0	0.0	0.0	0.0
ZNF350	0.0	2.3705680127251272e-2	0.0	4.99176359007647e-4
ZNF354A	0.0	0.0	0.0	0.0
ZNF354B	2.1451368178726504e-3	0.999640823028375	0.0	6.738880846603124e-3
ZNF354C	0.0	0.0	0.0	0.0
ZNF37A	0.0	0.0	0.0	0.0
ZNF382	3.034583791136969e-3	0.1467494484067936	0.0	0.0
ZNF384	0.0	0.0	0.0	0.0
ZNF385D	1.0	1.0	7.043294094468799e-3	0.17675834872460439
ZNF394	0.0	0.0	0.0	0.0
ZNF396	5.174488567990376e-2	3.802144799630558e-2	5.861202777914576e-3	0.9997504118204962
ZNF398	0.0	0.0	0.0	0.0
ZNF41	0.0	1.5957719739340126e-2	4.9253804856430605e-5	1.996705436030366e-4
ZNF410	1.0464082038408318e-4	7.183539432500385e-3	5.762695168201715e-3	0.0
ZNF415	7.848061528802353e-4	1.2827748986607879e-2	8.668669654730787e-3	6.93855139020616e-3
ZNF416	2.6317166326583985e-2	0.9968700292472676	1.1870166970398444e-2	5.990116308091653e-3
ZNF417	1.1510490242243598e-3	5.4902765662681485e-2	3.807319115401664e-2	4.3677931413168225e-2
ZNF418	0.0	1.4418389860947234e-2	9.505984337290108e-3	7.38781011331302e-3
ZNF419	7.848061528802353e-4	1.2622505002822137e-2	0.0	0.0
ZNF423	1.0	1.0	1.0	1.0
ZNF425	0.0	0.0	9.850760971286121e-5	0.0
ZNF429	0.0	1.005695520550054e-2	3.004482096241934e-3	0.0
ZNF430	0.0	0.0	0.0	0.0
ZNF431	0.0	0.0	0.0	4.9917635900786905e-5
ZNF433	0.999790718359232	1.0	5.762695168201715e-3	0.9991514001896871
ZNF436	0.0	6.311252501411069e-3	5.516426143919673e-3	4.891928318274896e-3
ZNF439	6.414482289541146e-2	7.696649391964683e-3	6.42269615327784e-2	7.38781011331302e-3
ZNF440	3.976351174593162e-3	4.6693006311252505e-3	0.6850711717480176	9.284680277542035e-3
ZNF441	1.883534766912609e-3	0.0	4.334334827365449e-3	3.8436579643588153e-3
ZNF443	2.364882540679114e-2	8.322643542511166e-2	7.993892528197799e-2	2.3461288873358965e-2
ZNF444	0.0	3.078659756785562e-4	0.0	0.0
ZNF449	0.31669544289227225	0.46693006311252505	0.38216027188100277	8.635751010832138e-3
ZNF45	0.0	0.0	0.0	0.0
ZNF454	1.6219327159524566e-3	5.541587562214567e-3	0.0	0.0
ZNF460	0.0	0.0	0.0	0.0
ZNF467	0.0	0.0	0.0	0.0
ZNF468	0.0	0.0	0.0	4.9917635900786905e-5
ZNF479	6.220896771830686e-2	4.905331212478836e-2	1.8371669211446617e-2	4.043328507961863e-2
ZNF480	0.0	7.696649391964683e-3	0.0	0.0
ZNF483	1.5172918955684844e-3	0.0	0.0	3.2945639694503814e-3
ZNF484	0.0	0.0	0.0	0.0
ZNF485	1.988175587296581e-3	0.9915849966647853	7.388070728463481e-4	0.0
ZNF486	0.0	0.0	0.0	6.4892926670993e-3
ZNF490	0.0	0.0	0.0	0.0
ZNF492	1.6219327159524566e-3	6.413874493303884e-3	4.186573412796157e-3	4.991763590076359e-3
ZNF501	0.47669125725945694	5.2850325824824296e-2	0.34886469979805945	0.1021314830529626
ZNF502	0.96729974362999	0.9986659141053927	0.987144756932473	1.0
ZNF506	0.0	0.0	0.0	0.0
ZNF513	3.924030764401176e-3	1.539329878392781e-4	9.013446288725802e-3	9.434433185244395e-3
ZNF519	0.0	0.0	0.0	0.0
ZNF521	0.9389420813059174	0.6085997229206219	0.974043244840664	0.905555832875755
ZNF524	0.0	0.0	0.0	0.0
ZNF525	0.9558415737979385	0.9939453024783211	0.6346845293798946	0.6097938401637298
ZNF527	0.0	0.0	0.0	0.0
ZNF528	0.0	0.0	9.358222922720816e-3	0.0
ZNF530	0.0	6.259941505464606e-3	0.0	0.0
ZNF534	2.563700099408761e-3	1.0570065164964837e-2	6.353740826478882e-3	5.2912694054809695e-3
ZNF540	0.9972270182598232	2.3346503155626253e-2	1.0	0.9999001647281984
ZNF541	0.9953434834929106	0.9994868900405357	0.9982268630251687	0.7311436130384865
ZNF543	0.0	0.0	0.0	0.0
ZNF547	3.3485062522889963e-3	0.7597106059828621	0.5518396296113874	0.487645385114561
ZNF548	0.0	0.0	4.9253804856430605e-5	0.0
ZNF549	1.6219327159524566e-3	0.8311355123402946	0.0	3.7937403284580284e-3
ZNF550	0.0	0.38965570321719945	0.0	0.0
ZNF552	1.3603306649924152e-3	1.210939504335784e-2	3.841796778801143e-3	0.5317226576149354
ZNF554	4.761157327473398e-3	0.0	0.0	5.74052812858783e-3
ZNF557	0.0	0.0	0.0	0.0
ZNF561	0.0	1.2058084047411377e-2	0.0	0.0
ZNF562	4.237953225553315e-3	0.4178254399917902	5.245530217209282e-2	0.9971546947536565
ZNF563	0.0	0.0	0.0	0.0
ZNF564	1.6742531261445537e-3	2.514238801375135e-3	0.9246416785696695	6.838716118404586e-3
ZNF565	0.8233662951917543	0.9808609985119812	6.402994631334868e-4	0.9985024709229771
ZNF566	0.0	0.0	2.7089592671033502e-3	0.0
ZNF570	0.0	0.0	0.0	0.0
ZNF571	0.0	0.0	0.0	0.0
ZNF573	2.7729817401768164e-3	0.35384062804659033	5.122395705068217e-2	2.5158488493984943e-2
ZNF574	0.0	1.3751346913643547e-2	0.0	0.0
ZNF580	0.0	0.0	0.0	3.7438226925572415e-3
ZNF581	9.417673834563045e-4	0.0	8.225385411023023e-3	9.983527180157381e-5
ZNF582	1.6742531261445537e-3	0.9952793883729283	0.9028714968231296	0.0
ZNF584	1.1510490242243598e-3	0.0	0.0	4.9917635900786905e-5
ZNF585A	0.0	0.0	8.373146825592093e-4	0.0
ZNF586	0.0	0.0	0.0	0.0
ZNF587	6.801653324961521e-4	0.0	7.141801704181661e-3	0.0
ZNF589	1.6219327159524566e-3	0.9725486171686593	4.9253804856430605e-5	8.036739380022917e-3
ZNF594	3.819389944017204e-3	1.3751346913643547e-2	1.0146283800423594e-2	8.685668646732925e-3
ZNF595	4.44723486632137e-3	0.0	0.0	0.0
ZNF596	1.4649714853764984e-3	0.0	0.0	2.7953876104427344e-3
ZNF597	0.0	2.1550618297501156e-2	0.0	0.0
ZNF605	0.0	0.0	3.098064325469141e-2	0.0
ZNF610	0.0	0.0	9.062700093582232e-3	6.2896221234962635e-3
ZNF611	0.0	0.0	0.0	0.0
ZNF613	0.0	7.183539432500385e-3	0.0	0.0
ZNF614	0.9882279077067965	5.4338344707270725e-2	0.9667044279170566	0.9427943892577247
ZNF615	3.5054674828650656e-3	0.5408692082713326	3.3000049253805175e-3	0.0
ZNF616	4.075759953958036e-2	0.42726666324593365	0.23109885238634686	0.12733988918284833
ZNF619	1.831214356720512e-3	4.361434655446694e-3	4.9253804856430605e-5	0.0
ZNF621	0.0	1.5598542767715107e-2	0.0	0.0
ZNF627	9.417673834563045e-4	0.0	5.31941092449395e-3	3.8935756002596023e-3
ZNF628	0.10955893894208135	0.9982041151418749	6.353740826478882e-3	0.9999001647281984
ZNF641	0.0	0.0	0.0	0.0
ZNF649	0.0	1.2827748986607879e-2	7.732847362458717e-3	7.587480656916057e-3
ZNF652	1.6219327159524566e-3	3.950946687875212e-3	2.398660296507904e-2	0.0
ZNF653	0.7240098362371161	0.9999486890040535	0.9999507461951436	1.0
ZNF655	9.940877936482906e-4	0.0	0.0	0.0
ZNF658	0.0	1.0005644209554077e-2	5.861202777914576e-3	4.193081415664102e-3
ZNF660	0.9996337571286559	1.0	1.0	6.738880846603101e-2
ZNF662	5.9122063516977574e-3	1.5495920775822292e-2	1.0047776190710733e-2	1.0283032995557329e-2
ZNF664	7.848061528802353e-4	8.312381343321906e-3	5.910456582770562e-4	1.737133729346574e-2
ZNF667	8.31894522053056e-3	5.285032582482474e-3	1.5564202334630295e-2	1.4725702590725254e-2
ZNF669	7.324857426882492e-4	0.0	8.668669654730787e-3	0.0
ZNF671	0.0	0.7901893375750424	0.0	1.826985473967957e-2
ZNF674	1.1510490242243598e-3	7.850582379803961e-3	0.0	1.916837218589329e-2
ZNF675	0.0	0.0	0.0	0.0
ZNF677	0.0	0.0	0.0	0.0
ZNF680	0.0	9.851711221714798e-3	0.0	0.0
ZNF681	0.0	2.1550618297501156e-3	2.8665714426439393e-2	0.0
ZNF682	0.0	0.0	0.0	0.0
ZNF684	2.9299429707528857e-3	9.543845246036242e-3	2.8714968231295823e-2	1.3527679329106923e-2
ZNF69	2.0404959974885672e-3	0.7757709477140952	0.6321725853322169	0.21749113961962763
ZNF691	1.4126510751844013e-3	0.4732413156139361	4.9253804856430605e-5	0.11700693855139022
ZNF692	0.0	0.0	0.0	0.0
ZNF695	3.139224611521385e-4	0.0	0.0	0.0
ZNF697	1.2661539266467847e-2	2.165324028939397e-2	2.2459735014529913e-2	1.9517795637198576e-2
ZNF7	0.0	2.0627020370465377e-2	0.0	0.0
ZNF701	0.2803327578088213	3.632818513007341e-2	0.0	0.0
ZNF704	7.7957411186103664e-3	2.2884704192108418e-2	3.265527261980983e-2	0.0
ZNF705E	0.8019672474232198	0.7816204012519883	0.27020637344234844	0.6821744122198372
ZNF705G	0.2396274786794328	0.6274308584329622	0.24666305472097716	0.4006888633754305
ZNF707	0.0	2.868284673405508e-2	0.0	0.0
ZNF708	0.0	0.0	0.0	0.0
ZNF71	0.0	0.0	0.0	0.0
ZNF711	3.071208078271337e-2	0.605161886192211	0.25286903413288675	5.540857584984793e-3
ZNF713	0.0	0.0	0.0	0.0
ZNF714	0.0	0.0	0.0	0.0
ZNF716	9.260712603986865e-3	2.4372723074554847e-2	1.4923902871496808e-2	3.8935756002596023e-3
ZNF718	0.0	1.2160706039304192e-2	0.0	0.0
ZNF727	1.0	1.0	0.9999507461951436	0.9996006589127939
ZNF730	1.988175587296581e-3	0.3213607676124993	7.289563118750952e-3	5.006738880846606e-2
ZNF735	4.44723486632137e-3	1.749704961773313e-2	1.0195537605280025e-2	8.485998103129888e-3
ZNF736	0.0	3.3865257324644515e-3	9.003595527754515e-2	0.0
ZNF74	1.0	1.0	2.2508988819386344e-2	0.8686666999450906
ZNF740	0.0	0.0	0.0	6.489292667098967e-4
ZNF749	1.4126510751844013e-3	0.0	0.0	2.595717066839698e-3
ZNF75A	0.0	2.6425162912412148e-2	0.0	0.0
ZNF75D	0.0	0.0	0.3391617002413436	1.497529077022941e-3
ZNF76	0.0	0.0	0.0	0.0
ZNF761	4.803013655627064e-2	0.0	1.8864207260010812e-2	2.111515998602309e-2
ZNF764	1.988175587296581e-3	0.0	7.289563118750952e-3	6.838716118404586e-3
ZNF765	0.0	9.851711221714798e-3	0.0	0.0
ZNF766	0.0	0.0	0.0	0.0
ZNF768	1.5172918955684844e-3	5.131099594643085e-3	2.8074668768162114e-3	3.7438226925572415e-3
ZNF77	0.0	0.0	9.555238142146427e-3	7.986821744122241e-3
ZNF770	0.0	0.0	0.0	0.0
ZNF771	0.15622874483335947	0.9989224690851249	0.9466088755356351	6.33953975939705e-3
ZNF774	0.0	4.104879675714823e-4	0.0	0.0
ZNF776	0.0	0.0	0.0	0.0
ZNF777	1.6742531261445537e-3	6.875673456821829e-3	5.1076195636112875e-2	1.567413767283976e-2
ZNF778	9.417673834563045e-4	0.0	2.9552282913858363e-4	1.8020266560175746e-2
ZNF780A	1.0987286140323738e-3	0.0	0.0	1.5973643488244038e-3
ZNF783	1.6219327159524566e-3	0.0	0.0	0.0
ZNF784	0.2991681054779469	1.3751346913643547e-2	5.3588139683790614e-2	0.20670893026506265
ZNF786	0.0	5.285032582482474e-3	2.0686598039698634e-3	0.0
ZNF787	3.767069533825107e-3	1.1442352096054154e-2	9.013446288725802e-3	5.74052812858783e-3
ZNF789	1.4126510751844013e-3	0.0	0.45436634980052204	0.0
ZNF79	0.0	1.5598542767715107e-2	9.308969117864385e-3	0.0
ZNF790	2.406738868832692e-3	1.0313510185232744e-2	0.0	0.0
ZNF791	0.7311254120232302	0.981681974447124	0.11618972565630692	0.14386262666600114
ZNF793	0.0	0.0	3.349258730236948e-3	0.0
ZNF8	0.9927274629833098	0.9967674072553748	1.0	0.9999001647281984
ZNF805	0.0	0.0	2.837019159730092e-2	1.447611441122143e-2
ZNF808	1.4649714853764984e-3	0.4274719072297193	6.600009850760924e-3	0.0
ZNF81	3.4008266624809824e-3	0.3110472574272667	0.0	1.0
ZNF816	0.0	0.0	0.0	3.2945639694503814e-3
ZNF821	2.652644796735204e-2	0.0	0.0	0.0
ZNF823	1.308010254800429e-3	4.156190671660953e-3	2.3149288282520164e-3	0.0
ZNF84	0.0	0.0	0.0	0.0
ZNF846	0.0	0.0	0.0	0.0
ZNF85	0.0	0.0	0.0	3.8436579643588153e-3
ZNF860	2.511379689216775e-3	7.44009441223259e-3	5.6641875584888535e-3	4.442669595167925e-3
ZNF883	3.542091769999478e-2	0.1106778182564524	5.348963207407775e-2	0.0
ZNF891	0.0	0.0	0.0	0.0
ZNF90	9.417673834563045e-4	1.806147057314378e-2	4.137319607939727e-3	2.945140518145095e-3
ZNF98	1.5696123057604705e-3	4.053568679768027e-3	2.216421218539155e-3	3.594069784854992e-3
ZSCAN1	2.8357662324072663e-2	3.653342911385915e-2	1.4628380042358224e-2	1.3328008785503886e-2
ZSCAN10	1.935855177104595e-3	5.849453537893123e-3	4.580603851647491e-3	3.8436579643588153e-3
ZSCAN16	1.883534766912609e-3	0.0	4.9253804856430605e-5	5.540857584984793e-3
ZSCAN22	0.0	0.0	0.0	0.0
ZSCAN23	1.0	1.0	1.0	1.0
ZSCAN26	0.5971851619316695	1.1596285083893432e-2	4.38358863222188e-3	1.0133280087855079e-2
ZSCAN29	2.997959504002512e-2	4.925855610857455e-3	9.80150716642858e-3	8.685668646732925e-3
ZSCAN30	0.0	0.0	0.0	0.0
ZSCAN31	3.4531470726730795e-3	1.3186925958232898e-2	8.570162045017926e-3	7.637398292816844e-3
ZSCAN4	8.371265630722546e-3	2.0575709374518913e-2	1.0146283800423594e-2	9.484350821145071e-3
ZSCAN5	1.0	0.9981014931499821	0.9998029847805743	1.0
ZSCAN5C	1.0	1.0	1.0	1.0
ZSCAN9	0.11520954324281907	1.0	0.9998029847805743	1.0
ZZZ3	1.0	1.0	1.0	1.0
